Title,Authors,Corporate Authors,Editors,Book Editors,Source Title,Publication Date,Publication Year,Volume,Issue,Part Number,Supplement,Special Issue,Beginning Page,Ending Page,Article Number,DOI,Conference Title,Conference Date,Total Citations,Average per Year,2014,2015,2016,2017,2018,2019
Genome-wide tests for introgression between cactophilic Drosophila implicate a role of inversions during speciation,"Lohse, Konrad; Clarke, Magnus; Ritchie, Michael G.; Etges, William J.",,,,EVOLUTION,MAY 2015,2015,69,5,,,,1178,1190,,10.1111/evo.12650,,,26,6.5,0,1,9,12,4,0
Microencapsulation of betalains obtained from cactus fruit (Opuntia ficus-indica) by spray drying using cactus cladode mucilage and maltodextrin as encapsulating agents,"Carolina Otalora, Maria; Gregorio Carriazo, Jose; Iturriaga, Laura; Azucena Nazareno, Monica; Osorio, Coralia",,,,FOOD CHEMISTRY,NOV 15 2015,2015,187,,,,,174,181,,10.1016/j.foodchem.2015.04.090,,,25,6.25,0,0,6,6,13,0
Rain-induced Ejection of Pathogens from Leaves: Revisiting the Hypothesis of Splash-on-Film using High-speed Visualization,"Gilet, Tristan; Bourouiba, Lydia",,,,INTEGRATIVE AND COMPARATIVE BIOLOGY,DEC 2014,2014,54,6,,,,974,984,,10.1093/icb/icu116,"Symposium on Shaking, Dripping, and Drinking - Surface Tension Phenomena in Organismal Biology at the Annual Meeting of the Society-for-Integrative-and-Comparative-Biology","JAN 03-07, 2014",20,4,1,3,4,4,8,0
Use of gelatin-maltodextrin composite as an encapsulation support for clarified juice from purple cactus pear (Opuntia stricta),"Castro-Munoz, Roberto; Barragan-Huerta, Blanca E.; Yanez-Fernandez, Jorge",,,,LWT-FOOD SCIENCE AND TECHNOLOGY,JUN 2015,2015,62,1,1,,,242,248,,10.1016/j.lwt.2014.09.042,,,12,3,0,1,3,3,5,0
Adaptability in Stone Tool Use by Wild Capuchin Monkeys (Sapajus libidinosus),"Caldas De Moraes, Barbara Lins; Souto, Antonio Da Silva; Schiel, Nicola",,,,AMERICAN JOURNAL OF PRIMATOLOGY,OCT 2014,2014,76,10,,,,967,977,,10.1002/ajp.22286,,,12,2.4,1,0,3,4,4,0
"The tale of the shrinking weapon: seasonal changes in nutrition affect weapon size and sexual dimorphism, but not contemporary evolution","Miller, C. W.; McDonald, G. C.; Moore, A. J.",,,,JOURNAL OF EVOLUTIONARY BIOLOGY,NOV 2016,2016,29,11,,,,2266,2275,,10.1111/jeb.12954,,,9,3,0,0,0,6,3,0
Internal seed dispersal by parrots: an overview of a neglected mutualism,"Blanco, Guillermo; Bravo, Carolina; Pacifico, Erica C.; Chamorro, Daniel; Speziale, Karina L.; Lambertucci, Sergio A.; Hiraldo, Fernando; Tella, Jose L.",,,,PEERJ,FEB 22 2016,2016,4,,,,,,,UNSP e1688,10.7717/peerj.1688,,,9,3,0,0,1,4,4,0
PHYSICAL AND CHEMICAL CHARACTERISTICS OF CACTUS STEMS (Opuntia ficus-indica) FOR EXPORTATION AND DOMESTIC MARKETS,"Maki-Diaz, Griselda; Pena-Valdivia, Cecilia B.; Garcia-Nava, Rodolfo; Lourdes Arevalo-Galarza, M.; Calderon-Zavala, Guillermo; Anaya-Rosales, Socorro",,,,AGROCIENCIA,JAN-FEB 2015,2015,49,1,,,,31,51,,,,,7,1.75,0,2,2,1,2,0
"Flowering phenology, fruit set and seed mass and number of five coexisting Gymnocalycium (Cactaceae) species from Cordoba Mountain, Argentina","Giorgis, Melisa A.; Cingolani, Ana M.; Gurvich, Diego E.; Astegiano, Julia",,,,JOURNAL OF THE TORREY BOTANICAL SOCIETY,JUL 2015,2015,142,3,,,,220,230,,10.3159/TORREY-D-14-00017.1,,,6,1.5,0,0,0,3,3,0
"Seasonal resource value and male size influence male aggressive interactions in the leaf footed cactus bug, Narnia femorata","Nolen, Zachary J.; Allen, Pablo E.; Miller, Christine W.",,,,BEHAVIOURAL PROCESSES,MAY 2017,2017,138,,,,,1,6,,10.1016/j.beproc.2017.01.020,,,5,2.5,0,0,0,2,3,0
"Seasonal Effects on the Population, Morphology and Reproductive Behavior of Narnia femorata (Hemiptera: Coreidae)","Cirino, Lauren A.; Miller, Christine W.",,,,INSECTS,MAR 2017,2017,8,1,,,,,,13,10.3390/insects8010013,,,5,2.5,0,0,0,2,3,0
"Adult nutrition, but not inbreeding, affects male primary sexual traits in the leaf-footed cactus bug Narnia femorata (Hemiptera: Coreidae)","Joseph, Paul N.; Sasson, Daniel A.; Allen, Pablo E.; Somjee, Ummat; Miller, Christine W.",,,,ECOLOGY AND EVOLUTION,JUL 2016,2016,6,14,,,,4792,4799,,10.1002/ece3.2246,,,4,1.33,0,0,0,4,0,0
A way to prepare a liposoluble natural pink colourant,"do Carmo, C. Saldanha; Nunes, A. N.; Serra, Ana Teresa; Ferreira-Dias, S.; Nogueira, I.; Duarte, M. M.",,,,GREEN CHEMISTRY,2015,2015,17,3,,,,1510,1518,,10.1039/c4gc01801j,,,4,1,0,1,3,0,0,0
Mineral nutrition enhances yield and affects fruit quality of 'Cristalina' cactus pear,"Zegbe, Jorge A.; Serna-Perez, Alfonso; Mena-Covarrubias, Jaime",,,,SCIENTIA HORTICULTURAE,MAR 6 2014,2014,167,,,,,63,70,,10.1016/j.scienta.2013.12.023,,,4,0.8,0,1,1,2,0,0
Opuntia spp. biodiversity conservation and utilization on the Cape Verde Islands,"Beccaro, G. L.; Bonvegna, L.; Donno, D.; Mellano, M. G.; Cerutti, A. K.; Nieddu, G.; Chessa, I.; Bounous, G.",,,,GENETIC RESOURCES AND CROP EVOLUTION,JAN 2015,2015,62,1,,,,21,33,,10.1007/s10722-014-0133-2,,,3,0.75,0,0,0,1,2,0
HOW COMMON IS SELF-INCOMPATIBILITY ACROSS SPECIES OF THE HERKOGAMOUS GENUS ARIOCARPUS?,"Martinez-Peralta, Concepcion; Marquez-Guzman, Judith; Mandujano, Maria C.",,,,AMERICAN JOURNAL OF BOTANY,MAR 2014,2014,101,3,,,,530,538,,10.3732/ajb.1400022,,,3,0.6,1,0,1,1,0,0
Larval host plant influences male body size and mating success in a tephritid fruit fly,"Shelly, Todd E.",,,,ENTOMOLOGIA EXPERIMENTALIS ET APPLICATA,JAN 2018,2018,166,1,,,SI,41,52,,10.1111/eea.12639,,,2,2,0,0,0,0,2,0
"Morphological and genetic divergence between Agave inaequidens, A. cupreata and the domesticated A. hookeri. Analysis of their evolutionary relationships","Figueredo-Urbina, Carmen J.; Casas, Alejandro; Torres-Garcia, Ignacio",,,,PLOS ONE,NOV 8 2017,2017,12,11,,,,,,e0187260,10.1371/journal.pone.0187260,,,2,1,0,0,0,0,2,0
An improved protocol for flow cytometry analysis of dragon fruit (Hylocereus spp.)-Species with a high polysaccharide content,"Li, Daqing; Cisneros, Aroldo; Tel-Zur, Noemi",,,,SCIENTIA HORTICULTURAE,JUN 16 2017,2017,220,,,,,130,133,,10.1016/j.scienta.2017.03.033,,,2,1,0,0,0,0,2,0
Taxonomic and cytogenetic studies in Opuntia ser. Armatae (Cactaceae),"Las Penas, M. Laura; Oakley, Luis; Moreno, Natalia C.; Bernardello, Gabriel",,,,BOTANY,FEB 2017,2017,95,2,,,,101,120,,10.1139/cjb-2016-0048,,,2,1,0,0,0,0,2,0
Advances in strawberry breeding at the University of Florida,"Whitaker, V. M.; Lee, S.; Osorio, L. F.; Verma, S.; Roach, J. A.; Mangandi, J.; Noh, Y. -H.; Gezan, S.; Peres, N.",,,"Desjardins, Y",VIII INTERNATIONAL STRAWBERRY SYMPOSIUM,2017,2017,1156,,,,,1,6,,10.17660/ActaHortic.2017.1156.1,8th International Strawberry Symposium,"AUG 13, 2016",2,1,0,0,0,1,0,1
"Spatial distribution, size structure and reproduction of Astrophytum ornatum (Cactaceae)","Zepeda, Veronica; Golubov, Jordan; Mandujano, Maria C.",,,,ACTA BOTANICA MEXICANA,2017,2017,119,,,,,35,49,,10.21829/abm119.2017.1230,,,2,1,0,0,0,0,2,0
Comparative morphology and anatomy of Backebergia militaris (Echinocereeae-Cactaceae) cephalium,"Vazquez-Sanchez, Monserrat; Terrazas, Teresa; Arias, Salvador",,,,PLANT SYSTEMATICS AND EVOLUTION,MAR 2016,2016,302,3,,,,245,256,,10.1007/s00606-015-1256-4,,,2,0.67,0,0,1,1,0,0
"Floral morphometry, anthesis, and pollination success of Mammillaria pectinifera (Cactaceae), a rare and threatened endemic species of Central Mexico","Valverde, Pedro Luis; Jimenez-Sierra, Cecilia; Lopez-Ortega, Gerardo; Zavala-Hurtado, Jose Alejandro; Rivas-Arancibia, Sombra; Rendon-Aguilar, Beatriz; Perez-Hernandez, Marco Aurelio; Cornejo-Romero, Amelia; Carrillo-Ruiz, Hortensia",,,,JOURNAL OF ARID ENVIRONMENTS,MAY 2015,2015,116,,,,,29,32,,10.1016/j.jaridenv.2015.01.016,,,2,0.5,0,0,0,2,0,0
The influence of herbivory and weather on the vital rates of two closely related cactus species,"Sauby, Kristen E.; Kilmer, John; Christman, Mary C.; Holt, Robert D.; Marsico, Travis D.",,,,ECOLOGY AND EVOLUTION,SEP 2017,2017,7,17,,,,6996,7009,,10.1002/ece3.3232,,,1,0.5,0,0,0,0,1,0
"Biodiversity conservation in an anthropized landscape: Trees, not patch size drive, bird community composition in a low-input agro-ecosystem","Mellink, Eric; Riojas-Lopez, Monica E.; Cardenas-Garcia, Melinda",,,,PLOS ONE,JUL 7 2017,2017,12,7,,,,,,e0179438,10.1371/journal.pone.0179438,,,1,0.5,0,0,0,0,1,0
"Reproductive phenology of Stenocereus thurberi (Cactaceae) in a transitional region of northern Sinaloa, Mexico","Salomon-Montijo, Bladimir; Reyes-Olivas, Alvaro; Sanchez-Soto, Bardo H.",,,,GAYANA BOTANICA,2016,2016,73,2,,,,381,390,,,,,1,0.33,0,0,0,0,1,0
"Flowering and fruiting phenology, and physico-chemical characteristics of 2-year-old plants of six species of Opuntia from eight regions of Morocco","El Kharrassi, Youssef; Mazri, Mouaad Amine; Mabrouk, Achraf; Nasser, Boubker; El Mzouri, El Houssine",,,,JOURNAL OF HORTICULTURAL SCIENCE & BIOTECHNOLOGY,NOV 2015,2015,90,6,,,,682,688,,,,,1,0.25,0,0,0,0,1,0
Effects of natural and artificial selection on survival of columnar cacti seedlings: the role of adaptation to xeric and mesic environments,"Guillen, Susana; Terrazas, Teresa; Casas, Alejandro",,,,ECOLOGY AND EVOLUTION,MAY 2015,2015,5,9,,,,1759,1773,,10.1002/ece3.1478,,,1,0.25,0,0,0,0,1,0
Pollen Morphology and Reproductive Performances in Opuntia ficus-indica (L.) Mill.,"ElBehi, A. W.; Orlandi, F.; Bonofiglio, T.; Romano, B.; Fornaciari, M.; Inglese, P.; Sortino, G.; Liguori, G.",,,"Inglese, P; Liguori, G; Nefzaoui, A",VIII INTERNATIONAL CONGRESS ON CACTUS PEAR AND COCHINEAL,2015,2015,1067,,,,,217,223,,,8th International Congress on Cactus Pear and Cochineal,"OCT 28-31, 2013",1,0.25,0,0,0,0,1,0
Gibberellic Acid Application and Its Incidence on In Vitro Somatic Embryogenesis and Fruit Parthenocarpy in an Apomictic Cactus Pear (Opuntia ficus-indica (L.) Mill.) Clone,"Kaaniche-Elloumi, N.; Jedidi, E.; Mahmoud, K. B.; Chakroun, A.; Jemmali, A.",,,"Inglese, P; Liguori, G; Nefzaoui, A",VIII INTERNATIONAL CONGRESS ON CACTUS PEAR AND COCHINEAL,2015,2015,1067,,,,,225,229,,,8th International Congress on Cactus Pear and Cochineal,"OCT 28-31, 2013",1,0.25,0,0,0,0,1,0
"PRE-DISPERSAL SEED PREDATION OF THE COLUMNAR CACTUS (NEOBUXBAUMIA TETETZO, CACTACEAE) BY BIRDS IN CENTRAL MEXICO","Maria Contreras-Gonzalez, Ana; del Coro Arizmendi, Maria",,,,ORNITOLOGIA NEOTROPICAL,2014,2014,25,4,,,,373,387,,,,,1,0.2,0,0,0,1,0,0
Irrigation options to save water while enhancing export-size fruit and storability of Smooth Red' cactus pear,"Zegbe, Jorge A.; Serna-Perez, Alfonso",,,,JOURNAL OF THE SCIENCE OF FOOD AND AGRICULTURE,NOV 2018,2018,98,14,,,,5503,5508,,10.1002/jsfa.9096,,,0,0,0,0,0,0,0,0
Microencapsulation of Purple Cactus Pear Fruit (Opuntia ficus indica) Extract by the Combined Method W/O/W Double Emulsion-Spray Drying and Conventional Spray Drying: A Comparative Study,"Toledo-Madrid, Keren; Gallardo-Velazquez, Tzayhri; Osorio-Revilla, Guillermo",,,,PROCESSES,OCT 2018,2018,6,10,,,,,,189,10.3390/pr6100189,,,0,0,0,0,0,0,0,0
Encapsulation of cactus (Opuntia megacantha) betaxanthins by ionic gelation and spray drying: A comparative study,"Carolina Otalora, Maria; Carriazo, Jose G.; Osorio, Coralia; Azucena Nazareno, Monica",,,,FOOD RESEARCH INTERNATIONAL,SEP 2018,2018,111,,,,,423,430,,10.1016/j.foodres.2018.05.058,,,0,0,0,0,0,0,0,0
Demographic processes and anthropogenic threats of lithophytic cacti in eastern Brazil,"Hughes, Frederic M.; Figueira, Jose E. C.; Jacobi, Claudia M.; Borba, Eduardo L.",,,,BRAZILIAN JOURNAL OF BOTANY,SEP 2018,2018,41,3,,,,631,640,,10.1007/s40415-018-0483-7,,,0,0,0,0,0,0,0,0
Reproductive ecology of Agave colorata: the importance of nectar-feeding bats and the germination consequences of self-pollination,"Berenice Borbon-Palomares, Dalia; Laborin-Sivirian, Flora; Tinoco-Ojanguren, Clara; Cristina Penalba, M.; Reyes-Ortega, Ivonne; Molina-Freaner, Francisco",,,,PLANT ECOLOGY,AUG 2018,2018,219,8,,,,927,939,,10.1007/s11258-018-0847-x,,,0,0,0,0,0,0,0,0
Towards Drylands Biorefineries: Valorisation of Forage Opuntia for the Production of Edible Coatings,"Iris Najera-Garcia, Alba; Eduardo Lopez-Hernandez, Raul; Alexander Lucho-Constantino, Carlos; Vazquez-Rodriguez, Gabriela A.",,,,SUSTAINABILITY,JUN 2018,2018,10,6,,,,,,1878,10.3390/su10061878,,,0,0,0,0,0,0,0,0
Effect of flower orientation on the male and female traits of Myrtillocactus geometrizans (Cactaceae),"Aguilar-Garcia, S. A.; Figueroa-Castro, D. M.; Valverde, P. L.; Vite, F.",,,,PLANT BIOLOGY,MAY 2018,2018,20,3,,,,531,536,,10.1111/plb.12713,,,0,0,0,0,0,0,0,0
"Differential germination associated with facultative vivipary in Stenocereus thurberi (Cactaceae): climatic correlations in marginal populations in Sinaloa, Mexico","Casillas-Alvarez, Pedro; Reyes-Olivas, Alvaro; Heleodoro Sanchez-Soto, Bardo; Garcia-Moya, Edmundo; Antonio Lugo-Garcia, Gabriel; Marcos Soto-Hernandez, Ramon",,,,ACTA BOTANICA MEXICANA,APR 2018,2018,123,,,,,51,66,,10.21829/abm123.2018.1250,,,0,0,0,0,0,0,0,0
"Physical and physicochemical characteristics, bioactive compounds and antioxidant activity of xiquexique (Pilosocereus gounellei (A. Weber ex K. Schum.)) fruit","da Silva, Antonia Almeida; Dantas, Renato Lima; Veras, Claudiana dos Santos; Alves, Ricardo Elesbao; Silva, Silvanda de Melo",,,,SEMINA-CIENCIAS AGRARIAS,2018,2018,39,5,,,,1969,1980,,10.5433/1679-0359.2018v39n5p1969,,,0,0,0,0,0,0,0,0
Fruit production from Opuntia ficus-indica ecotypes in comparison to commercial Italian clones,"Gaspar Reis, Carlos Manuel; Gazarini, Luiz Carlos; Ribeiro, Maria Margarida",,,,HORTICULTURAL SCIENCE,2018,2018,45,2,,,,92,100,,10.17221/48/2017-HORTSCI,,,0,0,0,0,0,0,0,0
Morphological plasticity of an endemic widespread columnar cactus and its congener,"Arroyo-Cosultchi, Gabriel; Arias, Salvador; Lopez-Mata, Lauro; Terrazas, Teresa",,,,BRAZILIAN JOURNAL OF BOTANY,DEC 2017,2017,40,4,,,,1029,1040,,10.1007/s40415-017-0399-7,,,0,0,0,0,0,0,0,0
Improvement of lactic acid bacteria viability in acid conditions employing agroindustrial co-products as prebiotic on alginate ionotropic gel matrix co-encapsulation,"Serrano-Casas, Victor; Lourdes Perez-Chabela, M.; Cortes-Barberena, Edith; Totosaus, Afonso",,,,JOURNAL OF FUNCTIONAL FOODS,NOV 2017,2017,38,,A,,,293,297,,10.1016/j.jff.2017.09.048,,,0,0,0,0,0,0,0,0
Ecosystem-scale impacts of non-timber forest product harvesting: effects on soil nutrients,"Ruwanza, Sheunesu; Shackleton, Charlie M.",,,,JOURNAL OF APPLIED ECOLOGY,OCT 2017,2017,54,5,,,,1515,1525,,10.1111/1365-2664.12891,,,0,0,0,0,0,0,0,0
Effects of nitrogen and phosphorus fertilization on fruit yield and quality of cactus pear Opuntia ficus-indica (L.) Mill,"Arba, M.; Falisse, A.; Choukr-Allah, R.; Sindic, M.",,,,FRUITS,JUL-AUG 2017,2017,72,4,,,,212,220,,10.17660/th2017/72.4.3,,,0,0,0,0,0,0,0,0
"Shade, reproductive effort and growth of the endangered native cactus, Opuntia humifusa Raf. in Point Pelee National Park, Canada","Drezner, Taly Dawn",,,,JOURNAL OF THE TORREY BOTANICAL SOCIETY,APR 2017,2017,144,2,,,,179,190,,10.3159/TORREY-D-16-00027R1,,,0,0,0,0,0,0,0,0
"Fruit number and weight depend on length, width and thickness of fruiting cladode in Opuntia albicarpa Scheinvar variety 'Cristalina'","Blanco-Macias, Fidel; de Jesus Mendez-Gallegos, Santiago; Magallanes-Quintanar, Rafael; Marquez-Madrid, Miguel; Villarreal-Guerrero, Federico; Andres Lopez-Santiago, Marco; David Valdez-Cepeda, Ricardo",,,,JOURNAL OF THE PROFESSIONAL ASSOCIATION FOR CACTUS DEVELOPMENT,2017,2017,19,,,,,79,89,,,,,0,0,0,0,0,0,0,0
Protective role of epiphytic fluorescent Pseudomonas on natural postharvest decay of tomato at room temperature,"Habiba, Shah; Noreen, Rubina; Ali, Syed Abid; Hasan, Khwaja Ali; Ara, Jehan; Sultana, Viqar; Ehteshamul-Haque, Syed",,,,JOURNAL OF APPLIED BOTANY AND FOOD QUALITY,2017,2017,90,,,,,288,297,,10.5073/JABFQ.2017.090.036,,,0,0,0,0,0,0,0,0
REPEATABILITY OF FRUIT QUALITY TRAITSOF CACTUS PEAR,"Nunes, Valtania Xavier; Nunes, Nubia Xavier; De Oliveira, Carlinne Guimaraes; Soares Sobral, Raquel Rodrigues; Magalhaes Dos Santos, Carlos Eduardo",,,,REVISTA BRASILEIRA DE FRUTICULTURA,2017,2017,39,5,,,,1,8,,10.1590/0100-29452017481,,,0,0,0,0,0,0,0,0
Morphological variation in Opuntia jaliscana (Cactaceae),"Noel Lopez-Borja, Edgar; de Lourdes Romo-Campos, Rosa; Julieta Arreola-Nava, Hilda; Munoz Urias, Alejandro; Loza-Cornejo, Sofia",,,,ANALES DEL JARDIN BOTANICO DE MADRID,2017,2017,74,1,,,,,,UNSP e058,10.3989/ajbm.2431,,,0,0,0,0,0,0,0,0
Social networks in the Little Scrub Island ground lizard (Ameiva corax),"Eifler, Douglas; Eifler, Maria; Malela, Keoleboge; Childers, Jackie",,,,JOURNAL OF ETHOLOGY,SEP 2016,2016,34,3,,,,343,348,,10.1007/s10164-016-0481-9,,,0,0,0,0,0,0,0,0
"In an arid urban matrix, fragment size predicts access to frugivory and rain necessary for plant population persistence","Ness, J. H.; Pfeffer, M.; Stark, J.; Guest, A.; Combs, L. J.; Nathan, E.",,,,ECOSPHERE,JUN 2016,2016,7,6,,,,,,UNSP e01284,10.1002/ecs2.1284,,,0,0,0,0,0,0,0,0
"Chemical and physical characterization of Opuntia spp. seeds grown in Hidalgo State, Mexico","Prieto-Garcia, Francisco; Prieto Mendez, Judith; Acevedo Sandoval, Otilio A.; Canales Flores, Roberto A.; Marmolejo Santillan, Yolanda",,,,CIENCIA E INVESTIGACION AGRARIA,APR 2016,2016,43,1,,,,143,150,,10.4067/S0718-16202016000100013,,,0,0,0,0,0,0,0,0
"The importance of native bees, especially cactus bees (Diadasia spp) in the pollination of cactus pears","Felker, Peter; Bunch, Ron",,,,JOURNAL OF THE PROFESSIONAL ASSOCIATION FOR CACTUS DEVELOPMENT,2016,2016,18,,,,,15,24,,,,,0,0,0,0,0,0,0,0
Genetic divergence between Mexican Opuntia accessions inferred by polymerase chain reaction-restriction fragment length polymorphism analysis,"Samah, S.; Valadez-Moctezuma, E.; Pelaez-Luna, K. S.; Morales-Manzano, S.; Meza-Carrera, P.; Cid-Contreras, R. C.",,,,GENETICS AND MOLECULAR RESEARCH,2016,2016,15,2,,,,,,UNSP 15027786,10.4238/gmr.15027786,,,0,0,0,0,0,0,0,0
"Study of TiO2 Particles Size, Dyes, and Catalyst to Improve The Performance of DSSC","Saehana, Sahrul; Darsikin; Muslimin",,,"Purwanto, A; Nur, A; Rahmawati, F; Dyartanti, ER; Jumari, A",6TH NANOSCIENCE AND NANOTECHNOLOGY SYMPOSIUM (NNS2015),2016,2016,1710,,,,,,,30044,10.1063/1.4941510,6th Nanoscience and Nanotechnology Symposium (NNS),"NOV 04-05, 2015",0,0,0,0,0,0,0,0
Evaluation of the Efficiency of Opuntia ficus-indica Cladode Cuttings for Vegetative Multiplication,"Stambouli-Essassi, Sondes; Harrabi, Rania; Bouzid, Sadok; Harzallah-Skhiri, Fethia",,,,NOTULAE BOTANICAE HORTI AGROBOTANICI CLUJ-NAPOCA,JUL-DEC 2015,2015,43,2,,,,521,527,,,,,0,0,0,0,0,0,0,0
Effect of NP Fertilizing on Fruit Yield and Fruit Quality of Cactus Pear,"Arba, M.; Paul, R.; Choukrallah, R.; Falisse, A.; Sindic, M.",,,"Inglese, P; Liguori, G; Nefzaoui, A",VIII INTERNATIONAL CONGRESS ON CACTUS PEAR AND COCHINEAL,2015,2015,1067,,,,,39,46,,,8th International Congress on Cactus Pear and Cochineal,"OCT 28-31, 2013",0,0,0,0,0,0,0,0
"Influence of the Timing of Flowers and Young Cladodes Removal on Reflowering and Harvest Periods, Yields and Fruits Quality of Prickly Pear (Opuntia ficus-indica)","Boujghagh, M.; Bouharroud, R.",,,"Inglese, P; Liguori, G; Nefzaoui, A",VIII INTERNATIONAL CONGRESS ON CACTUS PEAR AND COCHINEAL,2015,2015,1067,,,,,79,82,,,8th International Congress on Cactus Pear and Cochineal,"OCT 28-31, 2013",0,0,0,0,0,0,0,0
"Cactus Pear (O. ficus-indica (L.) Mill.) Fruit Production: Ecophysiology, Orchard and Fresh-Cut Fruit Management","Liguori, G.; Inglese, P.",,,"Inglese, P; Liguori, G; Nefzaoui, A",VIII INTERNATIONAL CONGRESS ON CACTUS PEAR AND COCHINEAL,2015,2015,1067,,,,,247,252,,,8th International Congress on Cactus Pear and Cochineal,"OCT 28-31, 2013",0,0,0,0,0,0,0,0
FLOWERING AND FRUCTIFICATION IN DIFFERENT TYPES OF CLADODES RED PITAYA IN LAVRAS-MG,"Costa, Ana Claudia; Ramos, Jose Darlan; dos Reis Silva, Fabio Oseias; Duarte, Mariene Helena",,,,REVISTA BRASILEIRA DE FRUTICULTURA,MAR 2014,2014,36,1,,,,279,284,,10.1590/0100-2945-304/13,,,0,0,0,0,0,0,0,0
A New Series of Pest- and Disease-Resistant Vigour-Controlling Apple Rootstocks,"Tustin, D. S.; Seymour, S. M.; Breen, K. C.",,,"Theron, K","X INTERNATIONAL SYMPOSIUM ON INTEGRATING CANOPY, ROOTSTOCK AND ENVIRONMENTAL PHYSIOLOGY IN ORCHARD SYSTEMS",2014,2014,1058,,,,,663,668,,,"10th International Symposium on Integrating Canopy, Rootstock and Environmental Physiology in Orchard Systems","DEC 03-06, 2012",0,0,0,0,0,0,0,0
"Anticoagulant therapy for symptomatic calf deep vein thrombosis (CACTUS): a randomised, double-blind, placebo-controlled trial","Righini, Marc; Galanaud, Jean-Philippe; Guenneguez, Herve; Brisot, Dominique; Diard, Antoine; Faisse, Pascale; Barrellier, Marie-Therese; Hamel-Desnos, Claudine; Jurus, Christine; Pichot, Olivier; Martin, Myriam; Mazzolai, Lucia; Choquenet, Clarisse; Accassat, Sandrine; Robert-Ebadi, Helia; Carrier, Marc; Le Gal, Gregoire; Mermilllod, Bernadette; Laroche, Jean-Pierre; Bounameaux, Henri; Perrier, Arnaud; Kahn, Susan R.; Quere, Isabelle",,,,LANCET HAEMATOLOGY,DEC 2016,2016,3,12,,,,E556,E562,,10.1016/S2352-3026(16)30131-4,,,23,7.67,0,0,1,14,8,0
"Floral visitation by the Argentine ant reduces pollinator visitation and seed set in the coast barrel cactus, Ferocactus viridescens","LeVan, Katherine E.; Hung, Keng-Lou James; McCann, Kyle R.; Ludka, John T.; Holway, David A.",,,,OECOLOGIA,JAN 2014,2014,174,1,,,,163,171,,10.1007/s00442-013-2739-z,,,22,4.4,3,2,8,4,5,0
Clinical and cost effectiveness of computer treatment for aphasia post stroke (Big CACTUS): study protocol for a randomised controlled trial,"Palmer, Rebecca; Cooper, Cindy; Enderby, Pam; Brady, Marian; Julious, Steven; Bowen, Audrey; Latimer, Nicholas",,,,Trials,JAN 27 2015,2015,16,,,,,,,18,10.1186/s13063-014-0527-7,,,13,3.25,0,0,4,3,6,0
Effect of vitamin E supplementation on HDL function by haptoglobin genotype in type 1 diabetes: results from the HapE randomized crossover pilot trial,"Costacou, Tina; Levy, Andrew P.; Miller, Rachel G.; Snell-Bergeon, Janet; Asleh, Rabea; Farbstein, Dan; Fickley, Catherine E.; Pambianco, Georgia; de la Vega, Rona; Evans, Rhobert W.; Orchard, Trevor J.",,,,ACTA DIABETOLOGICA,APR 2016,2016,53,2,,,,243,250,,10.1007/s00592-015-0770-8,,,10,3.33,0,0,1,6,3,0
"Resource quality affects weapon and testis size and the ability of these traits to respond to selection in the leaf-footed cactus bug, Narnia femorata","Sasson, Daniel A.; Munoz, Patricio R.; Gezan, Salvador A.; Miller, Christine W.",,,,ECOLOGY AND EVOLUTION,APR 2016,2016,6,7,,,,2098,2108,,10.1002/ece3.2017,,,9,3,0,0,3,5,1,0
"An integrative approach to understanding the evolution and diversity of Copiapoa (Cactaceae), a threatened endemic Chilean genus from the Atacama Desert","Larridon, Isabel; Walter, Helmut E.; Guerrero, Pablo C.; Duarte, Milen; Cisternas, Mauricio A.; Pena Hernandez, Carol; Bauters, Kenneth; Asselman, Pieter; Goetghebeur, Paul; Samain, Marie-Stephanie",,,,AMERICAN JOURNAL OF BOTANY,SEP 2015,2015,102,9,,,,1506,1520,,10.3732/ajb.1500168,,,7,1.75,0,0,3,1,3,0
Stem tilting in the inter-tropical cactus Echinocactus platyacanthus: an adaptive solution to the trade-off between radiation acquisition and temperature control,"Herce, M. F.; Martorell, C.; Alonso-Fernandez, C.; Boullosa, L. F. V. V.; Meave, J. A.",,,,PLANT BIOLOGY,MAY 2014,2014,16,3,,,,571,577,,10.1111/plb.12085,,,7,1.4,1,0,2,3,1,0
Chemical and Physical Defense Traits in Two Sexual Forms of Opuntia robusta in Central Eastern Mexico,"Krzysztof Janczur, Mariusz; Leon Solano, Hector Javier; Solache Ramos, Lupita Tzenyatze; Mendoza Reyes, Citlalli Hypatia; Oro Cerro, Maria del Carmen; Mariezcurrena Berasain, Maria Dolores; Rivas Manzano, Irma Victoria; Manjarrez, Javier; Villareal Benitez, Jose Luis; Czarnoleski, Marcin",,,,PLOS ONE,MAR 5 2014,2014,9,3,,,,,,e89535,10.1371/journal.pone.0089535,,,7,1.4,0,0,2,1,4,0
Using spatially-explicit population models to evaluate habitat restoration plans for the San Diego cactus wren (Campylorhynchus brunneicapillus sandiegensis),"Conlisk, Erin; Motheral, Sara; Chung, Rosa; Wisinski, Colleen; Endress, Bryan",,,,BIOLOGICAL CONSERVATION,JUL 2014,2014,175,,,,,42,51,,10.1016/j.biocon.2014.04.010,,,6,1.2,0,1,2,3,0,0
Modeling of the Dorsal Gradient across Species Reveals Interaction between Embryo Morphology and Toll Signaling Pathway during Evolution,"Ambrosi, Priscilla; Chahda, Juan Sebastian; Koslen, Hannah R.; Chiel, Hillel J.; Mizutani, Claudia Mieko",,,,PLOS COMPUTATIONAL BIOLOGY,AUG 2014,2014,10,8,,,,,,e1003807,10.1371/journal.pcbi.1003807,,,3,0.6,0,0,0,3,0,0
Seed germination and seedling growth of the geophytic Pterocactus tuberosus (Cactaceae),"Kin, Alicia G.; Mazzola, Monica B.; Cenizo, Viviana J.",,,,JOURNAL OF THE TORREY BOTANICAL SOCIETY,OCT 2015,2015,142,4,,,,283,291,,10.3159/TORREY-D-14-00056.1,,,2,0.5,0,0,0,2,0,0
A multi-objective optimization approach for invasive species control,"Bueyuektahtakin, I. Esra; Feng, Zhuo; Szidarovszky, Ferenc",,,,JOURNAL OF THE OPERATIONAL RESEARCH SOCIETY,NOV 2014,2014,65,11,,,,1625,1635,,10.1057/jors.2013.104,,,2,0.4,0,0,0,1,1,0
Tracking Nutrient Routing in Avian Consumers in a Subtropical Desert,"Gerardo Herrera, L. M.; Jazmin Osorio, M.",,,,BIOTROPICA,MAR 2016,2016,48,2,,,,255,264,,10.1111/btp.12274,,,1,0.33,0,0,0,1,0,0
Cache Hierarchy Optimization,"Yavits, Leonid; Morad, Amir; Ginosar, Ran",,,,IEEE COMPUTER ARCHITECTURE LETTERS,JUL-DEC 2014,2014,13,2,,,,69,72,,10.1109/L-CA.2013.18,,,1,0.2,0,0,1,0,0,0
Dry matter accumulation and seasonal partitioning in mature Opuntia ficus-indica (L.) Mill. fruiting trees,"Liguori, Giorgia; Inglese, Paolo; Sortino, Giuseppe; Inglese, Guglielmo",,,,ITALIAN JOURNAL OF AGRONOMY,2014,2014,9,1,,,,44,47,,10.4081/ija.2014.537,,,1,0.2,0,0,1,0,0,0
Ecological significance of determinate primary root growth: inter- and intraspecific differences in two species of Gymnocalycium (Cactaceae) along elevation gradients,"Martino, P. A.; Bauk, K.; Ferrero, M. C.; Gurvich, D. E.; Las Penas, M. L.",,,,FLORA,NOV 2018,2018,248,,,,,70,75,,10.1016/j.flora.2018.09.001,,,0,0,0,0,0,0,0,0
Good neighbors make good defenses: associational refuges reduce defense investment in African savanna plants,"Coverdale, Tyler C.; Goheen, Jacob R.; Palmer, Todd M.; Pringle, Robert M.",,,,ECOLOGY,AUG 2018,2018,99,8,,,,1724,1736,,10.1002/ecy.2397,,,0,0,0,0,0,0,0,0
Algorithm to find a maximum 2-packing set in a cactus,"Flores-Lamas, Alejandro; Alberto Fernandez-Zepeda, Jose; Antonio Trejo-Sanchez, Joel",,,,THEORETICAL COMPUTER SCIENCE,MAY 16 2018,2018,725,,,,,31,51,,10.1016/j.tcs.2017.11.030,,,0,0,0,0,0,0,0,0
Comparison of hip function and quality of life of total hip arthroplasty and resurfacing arthroplasty in the treatment of young patients with arthritis of the hip joint at 5 years,"Costa, Matthew L.; Achten, Juul; Foguet, Pedro; Parsons, Nicholas R.",Young Adult Hip Arthroplasty Team,,,BMJ OPEN,MAR 2018,2018,8,3,,,,,,e018849,10.1136/bmjopen-2017-018849,,,0,0,0,0,0,0,0,0
Evolution of aquiferous pith and fistulae in Merianthera burlemarxii suggests a rare case of xerophytism in Melastomataceae,"Ziemmer, Juliana K.; Goldenberg, Renato; Amano, Erika",,,,BOTANICAL JOURNAL OF THE LINNEAN SOCIETY,SEP 2017,2017,185,1,,,,119,127,,10.1093/botlinnean/box045,,,0,0,0,0,0,0,0,0
Design of a Register Cache System with an Open Source Process Design Kit for 45nm Technology,"Yamada, Junji; Jimbo, Ushio; Shioya, Ryota; Goshima, Masahiro; Sakai, Shuichi",,,,IEICE TRANSACTIONS ON ELECTRONICS,MAR 2017,2017,E100C,3,,,,232,244,,10.1587/transele.E100.C.232,,,0,0,0,0,0,0,0,0
Allocation of endogenous nutrients for reproduction in the lesser long-nosed bat (Leptonycteris yerbabuenae) in central Mexico,"Ramirez Hernandez, Gustavo; Herrera M, L. Gerardo",,,,JOURNAL OF MAMMALOGY,FEB 2016,2016,97,1,,,,23,31,,10.1093/jmammal/gyv149,,,0,0,0,0,0,0,0,0
"Forage cactus associated with different fiber sources for lactating Sindhi cows: intake, digestibility and microbial protein production","Soares Saraiva, Carla Aparecida; Neto, Severino Gonzaga; Soares Queiroz, Maria Fernanda; Henriques, Lara Toledo; Saraiva, Edilson Paes; de Freitas Albuquerque, Romulo Pontes; Carvalho Fonseca, Vinicius de Franca; do Nascimento, George Vieira",,,,REVISTA BRASILEIRA DE ZOOTECNIA-BRAZILIAN JOURNAL OF ANIMAL SCIENCE,OCT 2014,2014,43,10,,,,530,536,,10.1590/S1516-35982014001000004,,,0,0,0,0,0,0,0,0
What drives masting? The phenological synchrony hypothesis,"Koenig, Walter D.; Knops, Johannes M. H.; Carmen, William J.; Pearse, Ian S.",,,,ECOLOGY,JAN 2015,2015,96,1,,,,184,192,,10.1890/14-0819.1,,,32,8,0,5,7,12,8,0
Tree size and fecundity influence ballistic seed dispersal of two dominant mast-fruiting species in a tropical rain forest,"Norghauer, Julian M.; Newbery, David M.",,,,FOREST ECOLOGY AND MANAGEMENT,FEB 15 2015,2015,338,,,,,100,113,,10.1016/j.foreco.2014.11.005,,,11,2.75,0,0,7,3,1,0
Climatic Drivers of Mast Fruiting in European Beech and Resulting C and N Allocation Shifts,"Mueller-Haubold, Hilmar; Hertel, Dietrich; Leuschner, Christoph",,,,ECOSYSTEMS,SEP 2015,2015,18,6,,,,1083,1100,,10.1007/s10021-015-9885-6,,,10,2.5,0,0,0,5,5,0
Evolutionary and Ecological Consequences of Multiscale Variation in Pollen Receipt for Seed Production,"Schreiber, Sebastian J.; Rosenheim, Jay A.; Williams, Neal W.; Harder, Lawrence D.",,,,AMERICAN NATURALIST,JAN 2015,2015,185,1,,,,E14,E29,,10.1086/678982,,,9,2.25,0,1,4,2,2,0
Crop yield components - photoassimilate supply- or utilisation limited-organ development?,"Patrick, John W.; Colyvas, Kim",,,,FUNCTIONAL PLANT BIOLOGY,2014,2014,41,9,,,,893,913,,10.1071/FP14048,,,8,1.6,0,2,3,2,1,0
Resource- and pollinator-mediated selection on floral traits,"Sletvold, Nina; Tye, Matthew; Agren, Jon",,,,FUNCTIONAL ECOLOGY,JAN 2017,2017,31,1,,,,135,141,,10.1111/1365-2435.12757,,,7,3.5,0,0,0,7,0,0
Scaling relationships among twig components are affected by sex in the dioecious tree Populus cathayana,"Yang, Yanxia; He, Xinhua; Xu, Xiao; Yang, Dongmei",,,,TREES-STRUCTURE AND FUNCTION,JUN 2015,2015,29,3,,,,737,746,,10.1007/s00468-014-1151-6,,,7,1.75,0,0,2,3,2,0
TRADE-OFFS AND ONTOGENETIC CHANGES IN RESISTANCE AND TOLERANCE TO INSECT HERBIVORY IN ARABIDOPSIS,"Hoque, Shamsul; Avila-Sakar, German",,,,INTERNATIONAL JOURNAL OF PLANT SCIENCES,FEB 2015,2015,176,2,,,,150,158,,10.1086/679478,,,7,1.75,0,1,4,2,0,0
Female reproductive success in gynodioecious Thymus vulgaris: pollen versus nutrient limitation and pollinator foraging behaviour,"Arnan, Xavier; Escola, Anna; Rodrigo, Anselm; Bosch, Jordi",,,,BOTANICAL JOURNAL OF THE LINNEAN SOCIETY,JUL 2014,2014,175,3,,,,395,408,,10.1111/boj.12173,,,7,1.4,0,0,1,2,4,0
Fruiting Strategies of Perennial Plants: A Resource Budget Model to Couple Mast Seeding to Pollination Efficiency and Resource Allocation Strategies,"Venner, Samuel; Siberchicot, Aurelie; Pelisson, Pierre-Francois; Schermer, Eliane; Bel-Venner, Marie-Claude; Nicolas, Manuel; Debias, Francois; Miele, Vincent; Sauzet, Sandrine; Boulanger, Vincent; Delzon, Sylvain",,,,AMERICAN NATURALIST,JUL 2016,2016,188,1,,,,66,75,,10.1086/686684,,,6,2,0,0,1,1,4,0
Does multiple paternity affect seed mass in angiosperms? An experimental test in Dalechampia scandens,"Pelabon, C.; Albertsen, E.; Falahati-Anbaran, M.; Wright, J.; Armbruster, W. S.",,,,JOURNAL OF EVOLUTIONARY BIOLOGY,SEP 2015,2015,28,9,,,,1719,1733,,10.1111/jeb.12692,,,6,1.5,0,1,1,3,1,0
Effects of experimental early canopy closure on the growth and reproduction of spring ephemeral Erythronium japonicum in a montane deciduous forest,"Kim, Hyun Jung; Jung, Jong Bin; Jang, You Lim; Sung, Joo Han; Park, Pil Sun",,,,JOURNAL OF PLANT BIOLOGY,JUN 2015,2015,58,3,,,,164,174,,10.1007/s12374-014-0545-8,,,6,1.5,0,1,1,2,2,0
Complementary fruiting phenologies facilitate sharing of one pollinator fig wasp by two fig trees,"Liu, Gui-Xiang; Yang, Da-Rong; Peng, Yan-Qiong; Compton, Stephen G.",,,,JOURNAL OF PLANT ECOLOGY,APR 2015,2015,8,2,,,SI,197,206,,10.1093/jpe/rtv022,,,6,1.5,0,2,4,0,0,0
Indirect costs counteract the effects of pollinator-mediated phenotypic selection on corolla size in the Mediterranean shrub Halimium atriplicifolium,"Teixido, Alberto L.",,,,JOURNAL OF PLANT ECOLOGY,AUG 2014,2014,7,4,,,,364,372,,10.1093/jpe/rtt043,,,6,1.2,2,1,1,2,0,0
Effects of pollination limitation and seed predation on female reproductive success of a deceptive orchid,"Walsh, Ryan P.; Arnold, Paige M.; Michaels, Helen J.",,,,AOB PLANTS,2014,2014,6,,,,,,,plu031,10.1093/aobpla/plu031,,,6,1.2,0,2,1,2,1,0
"The role of nutrients, productivity and climate in determining tree fruit production in European forests","Fernandez-Martinez, Marcos; Vicca, Sara; Janssens, Ivan A.; Maria Espelta, Josep; Penuelas, Josep",,,,NEW PHYTOLOGIST,JAN 2017,2017,213,2,,,,669,679,,10.1111/nph.14193,,,5,2.5,0,0,0,4,1,0
"Disentangling plasticity of serotiny, a key adaptive trait in a Mediterranean conifer","Martin-Sanz, Ruth C.; Santos-del-Blanco, Luis; Notivol, Eduardo; Regina Chambel, M.; San-Martin, Roberto; Climent, Jose",,,,AMERICAN JOURNAL OF BOTANY,SEP 2016,2016,103,9,,,,1582,1591,,10.3732/ajb.1600199,,,5,1.67,0,0,0,3,2,0
"Flowering schedule in a perennial plant; life-history trade-offs, seed predation, and total offspring fitness","Ehrlen, Johan; Raabova, Jana; Dahlgren, Johan P.",,,,ECOLOGY,AUG 2015,2015,96,8,,,,2280,2288,,10.1890/14-1860.1,,,5,1.25,0,0,1,2,2,0
The consequences of demand-driven seed provisioning for sexual differences in reproductive investment in Thalictrum occidentale (Ranunculaceae),"Ida, Takashi Y.; Harder, Lawrence D.; Kudo, Gaku",,,,JOURNAL OF ECOLOGY,JAN 2015,2015,103,1,,,,269,280,,10.1111/1365-2745.12330,,,5,1.25,0,0,2,2,1,0
The size at reproduction of canopy tree species in central Africa,"Ouedraogo, Dakis-Yaoba; Doucet, Jean-Louis; Dainou, Kasso; Baya, Fidele; Biwole, Achille Bernard; Bourland, Nils; Feteke, Fousseni; Gillet, Jean-Francois; Kouadio, Yao Lambert; Fayolle, Adeline",,,,BIOTROPICA,MAY 2018,2018,50,3,,,,465,476,,10.1111/btp.12531,,,4,4,0,0,0,0,4,0
Seedling performance covaries with dormancy thresholds: maintaining cryptic seed heteromorphism in a fire-prone system,"Liyanage, Ganesha S.; Ayre, David J.; Ooi, Mark K. J.",,,,ECOLOGY,NOV 2016,2016,97,11,,,,3009,3018,,10.1002/ecy.1567,,,4,1.33,0,0,0,2,2,0
Reproductive strategy of Copaifera langsdorffii (Fabaceae): more seeds or better seeds?,"Souza, Matheus Lopes; Solar, Ricardo Ribeiro; Fagundes, Marcilio",,,,REVISTA DE BIOLOGIA TROPICAL,DEC 2015,2015,63,4,,,,1161,1167,,,,,4,1,0,1,2,1,0,0
"The influence of light habitat on the physiology, biomass allocation, and fecundity of the invasive shrub Amur honeysuckle (Lonicera maackii, Caprifoliaceae)","Lieurance, Deah; Landsbergen, Kim",,,,JOURNAL OF THE TORREY BOTANICAL SOCIETY,OCT 2016,2016,143,4,,,,415,426,,10.3159/TORREY-D-15-00056.1,,,3,1,0,0,0,2,1,0
Alterations in flowering strategies and sexual allocation of Caragana stenophylla along a climatic aridity gradient,"Xie, Lina; Guo, Hongyu; Ma, Chengcang",,,,SCIENTIFIC REPORTS,SEP 15 2016,2016,6,,,,,,,33602,10.1038/srep33602,,,3,1,0,0,0,2,1,0
"Bird pollinators, seed storage and cockatoo granivores explain large woody fruits as best seed defense in Hakea","Lamont, Byron B.; Hanley, Mick E.; Groom, Philip K.; He, Tianhua",,,,PERSPECTIVES IN PLANT ECOLOGY EVOLUTION AND SYSTEMATICS,AUG 2016,2016,21,,,,,55,77,,10.1016/j.ppees.2016.05.002,,,3,1,0,0,0,1,2,0
Site-specific reproductive performance of an invasive fleshy-fruited tree in remnant grasslands of the Argentinean Pampas,"Zalba, S. M.; Amodeo, M. R.",,,,WEED RESEARCH,DEC 2015,2015,55,6,,,,546,554,,10.1111/wre.12171,,,3,0.75,0,0,1,2,0,0
Sex-specific reproductive components and pollination ecology in the subdioecious shrub Fuchsia microphylla,"Cuevas, E.; Jimenez, R.; Lopezaraiza-Mikel, M.",,,,PLANT BIOLOGY,NOV 2014,2014,16,6,,,,1096,1103,,10.1111/plb.12161,,,3,0.6,0,0,1,1,1,0
CHANGING REPRODUCTIVE EFFORT WITHIN A SEMELPAROUS REPRODUCTIVE EPISODE,"Hughes, P. William; Simons, Andrew M.",,,,AMERICAN JOURNAL OF BOTANY,AUG 1 2014,2014,101,8,,,,1323,1331,,10.3732/ajb.1400283,,,3,0.6,0,1,1,1,0,0
Relative resource allocation to dispersal and competition demonstrates the putative role of hybridity in geographical parthenogenesis,"Coughlan, Jennifer M.; Stefanovic, Sasa; Dickinson, Timothy A.",,,,JOURNAL OF BIOGEOGRAPHY,AUG 2014,2014,41,8,,,,1603,1613,,10.1111/jbi.12316,,,3,0.6,0,0,0,2,1,0
Egg and time limitation mediate an egg protection strategy,"Deas, J. B.; Hunter, M. S.",,,,JOURNAL OF EVOLUTIONARY BIOLOGY,MAY 2014,2014,27,5,,,,920,928,,10.1111/jeb.12363,,,3,0.6,0,1,0,1,1,0
THE TRADE-OFF AND ALTITUDINAL VARIATIONS IN SEED WEIGHT-NUMBER IN SINOPODOPHYLLUM HEXANDRUM (ROYLE) YING (BERBERIDACEAE) POPULATIONS FROM THE HENGDUAN MOUNTAINS,"Meng, Li-Hua; Wang, Yun; Luo, Jian; Yang, Yong-Ping; Duan, Yuan-Wen",,,,POLISH JOURNAL OF ECOLOGY,2014,2014,62,3,,,,413,419,,10.3161/104.062.0303,,,3,0.6,0,0,0,3,0,0
Floral biology and pollination mechanisms of four Mexico-endemic Fuchsia species with contrasting reproductive systems,"Gonzalez, Clementina; Alvarez-Banos, Anai; Cuevas, Eduardo",,,,JOURNAL OF PLANT ECOLOGY,FEB 2018,2018,11,1,,,,123,135,,10.1093/jpe/rtw118,,,2,2,0,0,0,2,0,0
Pre-dispersal predation effect on seed packaging strategies and seed viability,"DeSoto, Lucia; Tutor, David; Torices, Ruben; Rodriguez-Echeverria, Susana; Nabais, Cristina",,,,OECOLOGIA,JAN 2016,2016,180,1,,,,91,102,,10.1007/s00442-015-3446-8,,,2,0.67,0,0,0,1,1,0
"REPRODUCTIVE SUCCESS OF THE GYNODIOECIOUS LOBELIA SPICATA LAM. (CAMPANULACEAE): FEMALE FREQUENCY, POPULATION DEMOGRAPHICS, AND LATITUDINAL PATTERNS","Ruffatto, Danielle M.; Zaya, David N.; Molano-Flores, Brenda",,,,INTERNATIONAL JOURNAL OF PLANT SCIENCES,FEB 2015,2015,176,2,,,,120,130,,10.1086/679460,,,2,0.5,0,0,0,2,0,0
"Variation in reproductive modes and population genetic structures of a monocarpic perennial herb, Cardiocrinum cordatum, in relation to habitat fragmentation","Narumi, Tadashi; Ohara, Masashi",,,,PLANT SPECIES BIOLOGY,OCT 2018,2018,33,4,,,,248,258,,10.1111/1442-1984.12217,,,1,1,0,0,0,0,1,0
"Restricted female function of hermaphrodites in a gynodioecious shrub, Daphne jezoensis (Thymelaeaceae)","Shibata, Akari; Kameyama, Yoshiaki; Kudo, Gaku",,,,JOURNAL OF PLANT RESEARCH,MAR 2018,2018,131,2,,,,245,254,,10.1007/s10265-017-0978-5,,,1,1,0,0,0,0,1,0
Allocation to clonal and sexual reproduction and its plasticity in Vallisneria spinulosa along a water-depth gradient,"Li, Lei; Lan, Zhichun; Chen, Jiakuan; Song, Zhiping",,,,ECOSPHERE,JAN 2018,2018,9,1,,,,,,e02070,10.1002/ecs2.2070,,,1,1,0,0,0,0,1,0
Limiting the cost of mutualism: the defensive role of elongated gynophore in the leafflower-moth mutualism,"Furukawa, Saori; Kawakita, Atsushi",,,,OECOLOGIA,AUG 2017,2017,184,4,,,,835,846,,10.1007/s00442-017-3910-8,,,1,0.5,0,0,0,0,1,0
"The effects of local variation in light availability on pollinator visitation, pollen and resource limitation of female reproduction in Hosta ventricosa","Cao, Guo-Xing; Wu, Bi-Xian; Xu, Xu-Jian; Wang, Xie; Yang, Chun-Ping",,,,BOTANICAL STUDIES,JUN 2 2017,2017,58,,,,,,,24,10.1186/s40529-017-0180-z,,,1,0.5,0,0,0,0,1,0
"Pollen limitation, plasticity in floral traits, and mixed mating system in an alpine plant Pedicularis siphonantha (Orobanchaceae) from different altitudes","Dai, Wen-Kui; Kadiori, Edwin Luguba; Wang, Qing-Feng; Yang, Chun-Feng",,,,JOURNAL OF SYSTEMATICS AND EVOLUTION,MAY 2017,2017,55,3,,,,192,199,,10.1111/jse.12240,,,1,0.5,0,0,0,1,0,0
Leafing intensity and the fruit size/number trade-off in woody angiosperms,"Dombroskie, Sarah L.; Tracey, Amanda J.; Aarssen, Lonnie W.",,,,JOURNAL OF ECOLOGY,NOV 2016,2016,104,6,,,,1759,1767,,10.1111/1365-2745.12622,,,1,0.33,0,0,0,0,1,0
"Chemotaxonomic perspectives of the Paracaryum (Cynoglosseae, Boraginaceae) taxa based on fruit fatty acid","Dogru-Koca, Asli; Ozcan, Tamer; Yildirimli, Sinasi",,,,PHYTOCHEMISTRY,NOV 2016,2016,131,,,,,100,106,,10.1016/j.phytochem.2016.08.012,,,1,0.33,0,0,0,1,0,0
"Effect of rosette size, clonality and spatial distribution on the reproduction of Vriesea carinata (Bromeliaceae) in the Atlantic Forest of Parana, southern Brazil","de Souza Silva, Marcelo Aparecido; Varassin, Isabela Galarda",,,,ACTA BOTANICA BRASILICA,JUL-SEP 2016,2016,30,3,,,,401,406,,10.1590/0102-33062016abb0144,,,1,0.33,0,0,0,1,0,0
Snakes and forbidden fruits: non-consumptive effects of snakes on the behaviors of frugivorous birds,"Breviglieri, Crasso Paulo B.; Romero, Gustavo Q.",,,,BEHAVIORAL ECOLOGY AND SOCIOBIOLOGY,MAY 2016,2016,70,5,,,,777,783,,10.1007/s00265-016-2101-7,,,1,0.33,0,0,0,1,0,0
Differences in disturbance type and nutrient availability favour different functional traits across three co-occurring montane wetland systems in eastern Australia,"Hunter, John T.",,,,AUSTRALIAN JOURNAL OF BOTANY,2016,2016,64,6,,,,526,529,,10.1071/BT16021,,,1,0.33,0,0,0,0,1,0
The effect of phenological variation in sex expression on female reproductive success in Saxifraga granulata,"van der Meer, Sascha; Jacquemyn, Hans",,,,AMERICAN JOURNAL OF BOTANY,DEC 2015,2015,102,12,,,,2116,2123,,10.3732/ajb.1500324,,,1,0.25,0,0,0,0,1,0
Priority of 5% Quince Seed Cream Versus 1% Phenytoin Cream in the Healing of Skin Ulcers: A Randomized Controlled Trial,"Omidian, Mohamad; Hemmati, Ali Asghar; Farajzade, Hamide; Houshmand, Gholamreza; Sattari, Alireza; Kouchak, Maryam",,,,JUNDISHAPUR JOURNAL OF NATURAL PHARMACEUTICAL PRODUCTS,MAY 2015,2015,10,2,,,,,,UNSP e24590,,,,1,0.25,0,0,0,0,1,0
Variation in Sex Allocation and Floral Morphology in an Expanding Distylous Plant Hybrid Complex,"Ward, Jennifer Rhode; Cowart, M. Leigh; Clifford, Julie; Camp, Mieko; Cruzan, Mitchell B.",,,,INTERNATIONAL JOURNAL OF PLANT SCIENCES,JUN 1 2014,2014,175,5,,,,518,525,,10.1086/675695,,,1,0.2,0,1,0,0,0,0
Adaptive decision making or differential mortality: what causes offspring emergence in a gregarious parasitoid?,"Koppik, Mareike; Thiel, Andra; Hoffmeister, Thomas S.",,,,ENTOMOLOGIA EXPERIMENTALIS ET APPLICATA,MAR 2014,2014,150,3,,,,208,216,,10.1111/eea.12154,,,1,0.2,0,1,0,0,0,0
Variation of vegetative and reproductive traits in Cistus laurifolius: evidences of a response to contrasting habitat conditions,"D'Antraccoli, Marco; Roma-Marzio, Francesco; Astuti, Giovanni; Bedini, Gianni; Ciccarelli, Daniela; Peruzzi, Lorenzo; Carta, Angelino",,,,FLORA,NOV 2018,2018,248,,,,,22,27,,10.1016/j.flora.2018.08.009,,,0,0,0,0,0,0,0,0
Chronic leaf harvesting reduces reproductive success of a tropical dry forest palm in northern Mexico,"Lopez-Toledo, Leonel; Perez-Decelis, Angeles; Macedo-Santana, Franceli; Cuevas, Eduardo; Endress, Bryan A.",,,,PLOS ONE,OCT 18 2018,2018,13,10,,,,,,e0205178,10.1371/journal.pone.0205178,,,0,0,0,0,0,0,0,0
A multi-level test of the seed number/size trade-off in two Scandinavian communities,"Lazaro, Amparo; Larrinaga, Asier R.",,,,PLOS ONE,JUL 27 2018,2018,13,7,,,,,,e0201175,10.1371/journal.pone.0201175,,,0,0,0,0,0,0,0,0
Excessive flower production as an anti-predator strategy: when is random flower abortion favored?,"Ezoe, Hideo",,,,POPULATION ECOLOGY,JUL 2018,2018,60,3,,,,275,286,,10.1007/s10144-018-0625-6,,,0,0,0,0,0,0,0,0
A mosaic of phenotypic variation in giant ragweed (Ambrosia trifida): Local- and continental-scale patterns in a range-expanding agricultural weed,"Hovick, Stephen M.; McArdle, Andrea; Harrison, S. Kent; Regnier, Emilie E.",,,,EVOLUTIONARY APPLICATIONS,JUL 2018,2018,11,6,,,,995,1009,,10.1111/eva.12614,,,0,0,0,0,0,0,0,0
Presence of fruits decreases probability of retaining flowers in a sequentially flowering plant,"Jadeja, Shivani; Tenhumberg, Brigitte",,,,AOB PLANTS,JUN 2018,2018,10,3,,,,,,ply033,10.1093/aobpla/ply033,,,0,0,0,0,0,0,0,0
Pollination and reproduction of an invasive plant inside and outside its ancestral range,"Petanidou, Theodora; Price, Mary V.; Bronstein, Judith L.; Kantsa, Aphrodite; Tscheulin, Thomas; Kariyat, Rupesh; Krigas, Nikos; Mescher, Mark C.; De Moraes, Consuelo M.; Waser, Nickolas M.",,,,ACTA OECOLOGICA-INTERNATIONAL JOURNAL OF ECOLOGY,MAY 2018,2018,89,,,,,11,20,,10.1016/j.actao.2018.03.008,,,0,0,0,0,0,0,0,0
The Domestication of the Amazon Tree Grape (Pourouma cecropiifolia) Under an Ecological Lens,"Pedrosa, Hermisia C.; Clement, Charles R.; Schietti, Juliana",,,,FRONTIERS IN PLANT SCIENCE,MAR 14 2018,2018,9,,,,,,,203,10.3389/fpls.2018.00203,,,0,0,0,0,0,0,0,0
The enigma of sex allocation in Selaginella,"Petersen, Kurt B.; Burd, Martin",,,,ANNALS OF BOTANY,FEB 2018,2018,121,2,,,,377,383,,10.1093/aob/mcx163,,,0,0,0,0,0,0,0,0
Functional trade-offs and the phylogenetic dispersion of seed traits in a biodiversity hotspot of the Mountains of Southwest China,"Chen, Kai; Burgess, Kevin S.; Yang, Xiang-Yun; Luo, Ya-Huang; Gao, Lian-Ming; Li, De-Zhu",,,,ECOLOGY AND EVOLUTION,FEB 2018,2018,8,4,,,,2218,2230,,10.1002/ece3.3805,,,0,0,0,0,0,0,0,0
Combined effects of seed and soil quality drive seedling performance of a late-successional canopy tree in a tropical forest,"Zambrano, Jenny; Howe, Henry F.; Gonzalez-Meler, Miquel",,,,BIOTROPICA,NOV 2017,2017,49,6,,,,811,820,,10.1111/btp.12466,,,0,0,0,0,0,0,0,0
Tracing coco de mer's reproductive history: Pollen and nutrient limitations reduce fecundity,"Morgan, Emma J.; Kaiser-Bunbury, Christopher N.; Edwards, Peter J.; Fleischer-Dogley, Frauke; Kettle, Chris J.",,,,ECOLOGY AND EVOLUTION,OCT 2017,2017,7,19,,,,7765,7776,,10.1002/ece3.3312,,,0,0,0,0,0,0,0,0
Habitat Differences in Morphology and Reproductive Allocation in Guettarda scabra (Rubiaceae),"Koptur, Suzanne; Garcia, Diane",,,,CASTANEA,SEP 2017,2017,82,2,,,,51,57,,10.2179/16-115,,,0,0,0,0,0,0,0,0
Cacao (Theobroma cacao L.) seedlings growth in different pot sizes,"Osorio G, Monica Andrea; Leiva R, Edna Ivonne; Ramirez P, Ramiro",,,,REVISTA DE CIENCIAS AGRICOLAS,JUL-DEC 2017,2017,34,2,,,,73,82,,10.22267/rcia.163302.73,,,0,0,0,0,0,0,0,0
Variation in seed packaging of a fleshy-fruited conifer provides insights into the ecology and evolution of multi-seeded fruits,"DeSoto, L.; Torices, R.; Rodriguez-Echeverria, S.; Nabais, C.",,,,PLANT BIOLOGY,JUL 2017,2017,19,4,,,,533,541,,10.1111/plb.12566,,,0,0,0,0,0,0,0,0
Sex allocation in gynodioecious Cyananthus delavayi differs between gender morphs and soil quality,"Chen, Jianguo; Niu, Yang; Li, Zhimin; Yang, Yang; Sun, Hang",,,,PLANT REPRODUCTION,JUN 2017,2017,30,2,,,,107,117,,10.1007/s00497-017-0303-4,,,0,0,0,0,0,0,0,0
Female fruit production depends on female flower production and crown size rather than male density in a continuous population of a tropical dioecious tree (Virola surinamensis),"Riba-Hernandez, Pablo; Lobo Segura, Jorge; Munoz-Valverde, Jenny",,,,AMERICAN JOURNAL OF BOTANY,NOV 2016,2016,103,11,,,,1990,1999,,10.3732/ajb.1600230,,,0,0,0,0,0,0,0,0
Sink strength manipulation in branches of a Mediterranean woody plant suggests sink-driven allocation of biomass in fruits but not of nutrients in seeds,"Catalan, Pablo; Delgado, Juan A.; Jimenez, Maria D.; Balaguer, Luis",,,,ACTA PHYSIOLOGIAE PLANTARUM,AUG 2016,2016,38,8,,,,,,193,10.1007/s11738-016-2220-9,,,0,0,0,0,0,0,0,0
Characterization of seeds from a tropical evergreen forest of western Cuba. Ecological correlations among traits,"Montejo Valdes, Laura A.; Sanchez, Jorge A.; Munoz, Barbara C.; Gamboa, Alejandro",,,,BOSQUE,2015,2015,36,2,,,,211,222,,10.4067/S0717-92002015000200007,,,0,0,0,0,0,0,0,0
"Effects of maternal nutrient and water availability on seed production, size and germination of heterocarpic Atriplex aucheri","Wang, L.; Wang, H. L.; Zhang, K.; Tian, C. Y.",,,,SEED SCIENCE AND TECHNOLOGY,2015,2015,43,1,,,,71,79,,10.15258/sst.2015.43.1.08,,,0,0,0,0,0,0,0,0
"Betalain Profile, Phenolic Content, and Color Characterization of Different Parts and Varieties of Opuntia ficus-indica","Jesus Cejudo-Bastante, Maria; Chaalal, Makhlouf; Louaileche, Hayette; Parrado, Juan; Heredia, Francisco J.",,,,JOURNAL OF AGRICULTURAL AND FOOD CHEMISTRY,AUG 20 2014,2014,62,33,,,,8491,8499,,10.1021/jf502465g,,,24,4.8,0,1,7,6,10,0
"Dietary fiber, phytochemical composition and antioxidant activity of Mexican commercial varieties of cactus pear","Maria Jimenez-Aguilar, Dulce; Melissa Lopez-Martinez, Julieta; Hernandez-Brenes, Carmen; Alejandra Gutierrez-Uribe, Janet; Welti-Chanes, Jorge",,,,JOURNAL OF FOOD COMPOSITION AND ANALYSIS,AUG 2015,2015,41,,,,,66,73,,10.1016/j.jfca.2015.01.017,,,15,3.75,0,1,1,7,6,0
Phenolic content and antioxidant activity of cactus (Opuntia ficus-indica L.) flowers are modified according to the extraction method,"Ammar, Imene; Ennouri, Monia; Attia, Hamadi",,,,INDUSTRIAL CROPS AND PRODUCTS,FEB 2015,2015,64,,,,,97,104,,10.1016/j.indcrop.2014.11.030,,,14,3.5,0,2,3,7,2,0
Pollination and seed dispersal of Melocactus ernestii Vaupel subsp ernestii (Cactaceae) by lizards: an example of double mutualism,"Gomes, V. G. N.; Quirino, Z. G. M.; Machado, I. C.",,,,PLANT BIOLOGY,MAR 2014,2014,16,2,,,,315,322,,10.1111/plb.12063,,,10,2,0,0,5,3,2,0
Exploring xoconostle by-products as sources of bioactive compounds,"Morales, Patricia; Barros, Lillian; Ramirez-Moreno, Esther; Santos-Buelga, Celestino; Ferreira, Isabel C. F. R.",,,,FOOD RESEARCH INTERNATIONAL,NOV 2014,2014,65,,C,,SI,437,444,,10.1016/j.foodres.2014.05.067,,,9,1.8,0,1,1,6,1,0
Frugivory and seed dispersal by birds in Cereus jamacaru DC. ssp jamacaru (Cactaceae) in the Caatinga of Northeastern Brazil,"Gomes, V. G. N.; Quirino, Z. G. M.; Araujo, H. F. P.",,,,BRAZILIAN JOURNAL OF BIOLOGY,FEB 2014,2014,74,1,,,,32,40,,10.1590/1519-6984.15312,,,8,1.6,0,0,2,4,1,1
"Inter- and intra-specific variation in fruit biomass, number of seeds, and physical characteristics of seeds in Opuntia spp., Cactaceae","Lopez-Palacios, Cristian; Pena-Valdivia, Cecilia B.; Antonio Reyes-Agueero, J.; Rogelio Aguirre-Rivera, J.; Ramirez-Tobias, Hugo M.; Marcos Soto-Hernandez, Ramon; Francisco Jimenez-Bremont, Juan",,,,GENETIC RESOURCES AND CROP EVOLUTION,DEC 2015,2015,62,8,,,,1205,1223,,10.1007/s10722-015-0223-9,,,7,1.75,0,0,1,2,4,0
Cacti supply limited nutrients to a desert rodent community,"Orr, Teri J.; Newsome, Seth D.; Wolf, Blair O.",,,,OECOLOGIA,AUG 2015,2015,178,4,,,,1045,1062,,10.1007/s00442-015-3304-8,,,7,1.75,0,0,3,2,2,0
Anticancer Properties of Extracts from Opuntia humifusa Against Human Cervical Carcinoma Cells,"Hahm, Sahng-Wook; Park, Jieun; Oh, Se-Yeong; Lee, Chul-Won; Park, Kun-Young; Kim, Hyunggee; Son, Yong-Suk",,,,JOURNAL OF MEDICINAL FOOD,JAN 1 2015,2015,18,1,,,,31,44,,10.1089/jmf.2013.3096,,,7,1.75,0,1,1,4,1,0
Generalized pollination system: Are floral traits adapted to different pollinators?,"Lemaitre, Andrea B.; Pinto, Carlos F.; Niemeyer, Hermann M.",,,,ARTHROPOD-PLANT INTERACTIONS,AUG 2014,2014,8,4,,,,261,272,,10.1007/s11829-014-9308-1,,,7,1.4,0,0,1,3,3,0
Asynchronous ripening behavior of cactus pear (Opuntia ficus-indica) cultivars with respect to physicochemical and physiological attributes,"Kyriacou, M. C.; Emmanouilidou, M. G.; Soteriou, G. A.",,,,FOOD CHEMISTRY,NOV 15 2016,2016,211,,,,,598,607,,10.1016/j.foodchem.2016.05.113,,,6,2,0,0,0,4,1,1
Cactus (Opuntia humifusa) water extract ameliorates loperamide-induced constipation in rats,"Han, Sung Hee; Park, Kyungmi; Kim, Eun Young; Ahn, So Hyun; Lee, Hyun-Sun; Suh, Hyung Joo",,,,BMC COMPLEMENTARY AND ALTERNATIVE MEDICINE,JAN 17 2017,2017,17,,,,,,,49,10.1186/s12906-016-1552-8,,,5,2.5,0,0,0,2,3,0
Genetic diversity and structure of populations in Pilosocereus gounellei (FACWeber ex K.Schum.) (Cactaceae) in the Caatinga biome as revealed by heterologous microsatellite primers,"Monteiro, Eliane Rodrigues; Mangolin, Claudete Aparecida; das Neves, Andrea Florindo; Orasmo, Gleice Ribeiro; Medeiros da Silva, Jose Geraldo; Pires da Silva Machado, Maria de Fatima",,,,BIOCHEMICAL SYSTEMATICS AND ECOLOGY,FEB 2015,2015,58,,,,,7,12,,10.1016/j.bse.2014.10.006,,,5,1.25,0,2,1,0,2,0
Fractionation and electrophoretic patterns of seed protein of Opuntia genus. A preliminary survey as a tool for accession differentiation and taxonomy,"Samah, Samir; Ventura-Zapata, Elsa; Valadez-Moctezuma, Ernestina",,,,BIOCHEMICAL SYSTEMATICS AND ECOLOGY,FEB 2015,2015,58,,,,,187,194,,10.1016/j.bse.2014.12.005,,,5,1.25,0,0,3,1,1,0
"STORAGE AND SEEDS GERMINATION STENOCEREUS THURBERI, A CACTUS WITH OPTIONAL VIVIPARITY","Bersain Perez-Gonzalez, Santos; Reyes-Olivas, Alvaro; Garcia-Moya, Edmundo; Romero-Manzanares, Angelica; Rodolfo Garcia-Nava, Jose; Lugo-Garcia, Gabriel A.; Sanchez-Soto, Bardo",,,,BOTANICAL SCIENCES,JUN 2015,2015,93,2,,,,273,282,,10.17129/botsci.227,,,4,1,0,0,1,2,1,0
Quality attributes of cactus pear fruit and their role in consumer choice The case of Italian consumers,"Migliore, Giuseppina; Galati, Antonino; Romeo, Pietro; Crescimanno, Maria; Schifani, Giorgio",,,,BRITISH FOOD JOURNAL,2015,2015,117,6,,,,1637,1651,,10.1108/BFJ-04-2014-0147,,,4,1,0,0,0,1,3,0
Development of plasticized edible films from Opuntia ficus-indica mucilage: A comparative study of various polyol plasticizers,"Gheribi, Rim; Puchot, Laura; Verge, Pierre; Jaoued-Grayaa, Najeh; Mezni, Mohamed; Habibi, Youssef; Khwaldia, Khaoula",,,,CARBOHYDRATE POLYMERS,JUN 15 2018,2018,190,,,,,204,211,,10.1016/j.carbpol.2018.02.085,,,3,3,0,0,0,0,2,1
Sicilian Opuntia ficus-indica seed oil: Fatty acid composition and bio-economical aspects,"Ciriminna, Rosaria; Bongiorno, David; Scurria, Antonino; Danzi, Carmelo; Timpanaro, Giuseppe; Delisi, Riccardo; Avellone, Giuseppe; Pagliaro, Mario",,,,EUROPEAN JOURNAL OF LIPID SCIENCE AND TECHNOLOGY,NOV 2017,2017,119,11,,,,,,UNSP 1700232,10.1002/ejlt.201700232,,,3,1.5,0,0,0,0,3,0
QUALITY ASSESSMENT OF SEED OIL FROM SELECTED CACTUS PEAR CULTIVARS (OPUNTIA FICUS-INDICA AND OPUNTIA ROBUSTA),"De Wit, Maryna; Hugo, Arno; Shongwe, Nokuthula",,,,JOURNAL OF FOOD PROCESSING AND PRESERVATION,JUN 2017,2017,41,3,,,,,,e12898,10.1111/jfpp.12898,,,3,1.5,0,0,0,2,1,0
Pollination biology of Echinopsis leucantha (Cactaceae): passerine birds and exotic bees as effective pollinators,"Gorostiague, Pablo; Ortega-Baes, Pablo",,,,BOTANY,JAN 2017,2017,95,1,,,,53,59,,10.1139/cjb-2016-0120,,,3,1.5,0,0,0,0,3,0
Lignans from Opuntia ficus-indica seeds protect rat primary hepatocytes and HepG2 cells against ethanol-induced oxidative stress,"Kim, Jung Wha; Yang, Heejung; Kim, Hyeon Woo; Kim, Hong Pyo; Sung, Sang Hyun",,,,BIOSCIENCE BIOTECHNOLOGY AND BIOCHEMISTRY,JAN 2017,2017,81,1,,,,181,183,,10.1080/09168451.2016.1234930,,,3,1.5,0,0,0,0,3,0
Population Genetic Structure of a Widespread Bat-Pollinated Columnar Cactus,"Bustamante, Enriquena; Burquez, Alberto; Scheinvar, Enrique; Enrique Eguiarte, Luis",,,,PLOS ONE,MAR 25 2016,2016,11,3,,,,,,e0152329,10.1371/journal.pone.0152329,,,3,1,0,0,0,2,1,0
"The role of mucilage in the germination of Leptocereus scopulophilus (Cactaceae) seeds from Pan de Matanzas, Cuba","Barrios, Duniel; Flores, Joel; Gonzalez-Torres, Luis R.; Palmarola, Alejandro",,,,BOTANY,APR 2015,2015,93,4,,,,251,255,,10.1139/cjb-2014-0242,,,3,0.75,0,0,1,2,0,0
Physicochemical variability and nutritional and functional characteristics of xoconostles (Opuntia spp.) accessions from Mexico,"Hernandez-Fuentes, Alma D.; Trapala-Islas, Angelica; Gallegos-Vasquez, Clemente; Campos-Montiel, Rafael G.; Pinedo-Espinoza, Jose M.; Guzman-Maldonado, Salvador H.",,,,Fruits,MAR-APR 2015,2015,70,2,,,,109,116,,10.1051/fruits/2015002,,,3,0.75,0,0,0,3,0,0
"Genetic diversity and structure of wild and managed populations of Polaskia chende (Cactaceae) in the Tehuacan-Cuicatlan Valley, Central Mexico: insights from SSR and allozyme markers","Contreras-Negrete, Gonzalo; Eva Ruiz-Duran, M.; Cabrera-Toledo, Danae; Casas, Alejandro; Vargas, Ofelia; Parra, Fabiola",,,,GENETIC RESOURCES AND CROP EVOLUTION,JAN 2015,2015,62,1,,,,85,101,,10.1007/s10722-014-0137-y,,,3,0.75,0,0,2,1,0,0
Identification and expression analysis of ethylene biosynthesis and signaling genes provides insights into the early and late coffee cultivars ripening pathway,"Sagio, Solange A.; Barreto, Horllys G.; Lima, Andre A.; Moreira, Rafael O.; Rezende, Pamela M.; Paiva, Luciano V.; Chalfun-Junior, Antonio",,,,PLANTA,MAY 2014,2014,239,5,,,,951,963,,10.1007/s00425-014-2026-1,,,3,0.6,0,0,0,2,1,0
EMBRYOLOGY AND SEED DEVELOPMENT IN PERESKIA LYCHNIDIFLORA (CACTACEAE),"Jimenez-Duran, Karina; Arias-Montes, Salvador; Cortes-Palomec, Aurea; Marquez-Guzman, Judith",,,,HASELTONIA,MAR 2014,2014,,19,,,,3,12,,10.2985/026.019.0102,,,3,0.6,0,0,0,0,3,0
Opuntia ficus-indica seed oil: Biorefinery and bioeconomy aspects,"Ciriminna, Rosaria; Delisi, Riccardo; Albanese, Lorenzo; Meneguzzo, Francesco; Pagliaro, Mario",,,,EUROPEAN JOURNAL OF LIPID SCIENCE AND TECHNOLOGY,AUG 2017,2017,119,8,,,,,,1700013,10.1002/ejlt.201700013,,,2,1,0,0,0,1,1,0
"Seed removal by lizards and effect of gut passage on germination in a columnar cactus of the Caatinga, a tropical dry forest in Brazil","Gomes, V. G. N.; Meiado, M. V.; Quirino, Z. G. M.; Machado, I. C.",,,,JOURNAL OF ARID ENVIRONMENTS,DEC 2016,2016,135,,,,,85,89,,10.1016/j.jaridenv.2016.08.013,,,2,0.67,0,0,0,1,1,0
Baseline study of morphometric traits of wild Capsicum annuum growing near two biosphere reserves in the Peninsula of Baja California for future conservation management,"Murillo-Amador, Bernardo; Omar Rueda-Puente, Edgar; Troyo-Dieguez, Enrique; Victor Cordoba-Matson, Miguel; Guillermo Hernandez-Montiel, Luis; Nieto-Garibay, Alejandra",,,,BMC PLANT BIOLOGY,MAY 10 2015,2015,15,,,,,,,118,10.1186/s12870-015-0505-6,,,2,0.5,0,0,0,1,1,0
"A new species of the genus Opuntia (Cactaceae) for the state of Veracruz, Mexico","Scheinvar, Leia; Olalde-Parra, Gabrel; Gallegos-Vazquez, Clemente",,,,BOTANICAL SCIENCES,MAR 2015,2015,93,1,,,,33,39,,10.17129/botsci.133,,,2,0.5,0,0,0,2,0,0
Embryology of Mammillaria dioica (Cactaceae) reveals a new male sterility phenotype,"Sanchez, Daniel; Vazquez-Santana, Sonia",,,,FLORA,APR 2018,2018,241,,,,,16,26,,10.1016/j.flora.2018.02.007,,,1,1,0,0,0,0,1,0
South African Cactus Pear Seed Oil: A Comprehensive Study on 42 Spineless Burbank Opuntia ficus-indica and Opuntia robusta Cultivars,"de Wit, Maryna; Hugo, Arno; Shongwe, Nokuthula",,,,EUROPEAN JOURNAL OF LIPID SCIENCE AND TECHNOLOGY,MAR 2018,2018,120,3,,,,,,1700343,10.1002/ejlt.201700343,,,1,1,0,0,0,0,1,0
Reverse Effect of Opuntia ficus-indica L. Juice and Seeds Aqueous Extract on Gastric Emptying and Small-Bowel Motility in Rat,"Rtibi, Kais; Selmi, Slimen; Saidani, Khouloud; Grami, Dhekra; Amri, Mohamed; Sebai, Hichem; Marzouki, Lamjed",,,,JOURNAL OF FOOD SCIENCE,JAN 2018,2018,83,1,,,,205,211,,10.1111/1750-3841.13990,,,1,1,0,0,0,0,1,0
"Advantages of vivipary in Echinocactus platyacanthus, an endemic and protected Mexican cactus species","Luis Aragon-Gastelum, Jose; Flores, Joel; Yanez-Espinosa, Laura; Reyes-Olivas, Alvaro; Pablo Rodas-Ortiz, Juan; Robles-Diaz, Erika; Javier Gonzalez, Francisco",,,,JOURNAL OF ARID ENVIRONMENTS,JUN 2017,2017,141,,,,,56,59,,10.1016/j.jaridenv.2017.01.012,,,1,0.5,0,0,0,0,1,0
Seed removal in a tropical North American desert: an evaluation of pre- and post-dispersal seed removal in Stenocereus stellatus,"Alvarez-Espino, R.; Rios-Casanova, L.; Godinez-Alvarez, H.",,,,PLANT BIOLOGY,MAY 2017,2017,19,3,,,,469,474,,10.1111/plb.12541,,,1,0.5,0,0,0,0,1,0
Optimization of Ultrasound Extraction of Cactus Pear (Opuntia ficus indica) Seed Oil Based on Antioxidant Activity and Evaluation of Its Antimicrobial Activity,"de los Angeles Ortega-Ortega, Maria; del Socorro Cruz-Cansino, Nelly; Alanis-Garcia, Ernesto; Delgado-Olivares, Luis; Alberto Ariza-Ortega, Jose; Ramirez-Moreno, Esther; de Jesus Manriquez-Torres, Jose",,,,JOURNAL OF FOOD QUALITY,2017,2017,,,,,,,,UNSP 9315360,10.1155/2017/9315360,,,1,0.5,0,0,0,0,1,0
Antioxidant and Antimicrobial Properties of Cactus Pear (Opuntia) Seed Oils,"Ramirez-Moreno, Esther; Carino-Cortes, Raquel; del Socorro Cruz-Cansino, Nelly; Delgado-Olivares, Luis; Alberto Ariza-Ortega, Jose; Yelina Montanez-Izquierdo, Vanessa; Manuela Hernandez-Herrero, Maria; Filardo-Kerstupp, Tomas",,,,JOURNAL OF FOOD QUALITY,2017,2017,,,,,,,,UNSP 3075907,10.1155/2017/3075907,,,1,0.5,0,0,0,1,0,0
Physical characterization of Rhipsalis (Cactaceae) fruits and seeds germination in different temperatures and light regimes,"Lone, A. B.; Colombo, R. C.; Andrade, B. L. G.; Takahashi, L. S. A.; Faria, R. T.",,,,BRAZILIAN JOURNAL OF BIOLOGY,APR-JUN 2016,2016,76,2,,,,367,373,,10.1590/1519-6984.15914,,,1,0.33,0,0,1,0,0,0
Changes in physical and chemical properties of Opuntia dillenii fruits during the growing stages,"Gaballah, Amal A.; Embaby, Hassan El-Sayed; Hamed, Yahya S.; El-Samahy, Salah K.",,,,JOURNAL OF THE PROFESSIONAL ASSOCIATION FOR CACTUS DEVELOPMENT,2016,2016,18,,,,,1,14,,,,,1,0.33,0,0,0,0,1,0
Establishment of callus and cell suspensions of wild and domesticated Opuntia species: study on their potential as a source of metabolite production,"Robles-Martinez, Marissa; Paulina Barba-de la Rosa, Ana; Gueraud, Francoise; Negre-Salvayre, Anne; Rossignol, Michel; del Socorro Santos-Diaz, Maria",,,,PLANT CELL TISSUE AND ORGAN CULTURE,JAN 2016,2016,124,1,,,,181,189,,10.1007/s11240-015-0886-0,,,1,0.33,0,0,0,1,0,0
Minerals of cactus (Opuntia dillenii): cladode and,"Kalegowda, Pavithra; Haware, Devendra Jagannath; Rajarathnam, Somasundaram; Shashirekha, Mysore Nanjarajurs",,,,CURRENT SCIENCE,DEC 25 2015,2015,109,12,,,,2295,2298,,10.18520/cs/v109/i12/2295-2298,,,1,0.25,0,0,0,1,0,0
"Dietary fiber, mineral elements profile and macronutrients composition in different edible parts of Opuntia microdasys (Lehm.) Pfeiff and Opuntia macrorhiza (Engelm.)","Chandoura, Hassiba; Morales, Patricia; Barreira, Joao C. M.; Barros, Lillian; Fernandez-Ruiz, Virginia; Ferreira, Isabel C. F. R.; Achour, Lotfi",,,,LWT-FOOD SCIENCE AND TECHNOLOGY,NOV 2015,2015,64,1,,,,446,451,,10.1016/j.lwt.2015.05.011,,,1,0.25,0,0,0,0,1,0
"Opuntia leiascheinvariana, new species of Cactaceae from the state of Hidalgo, Mexico","Ramiro Martinez-Gonzalez, Cesar; Gallegos-Vazquez, Clemente; Luna-Vega, Isolda; Garcia-Sandoval, Ricardo",,,,BOTANICAL SCIENCES,SEP 2015,2015,93,3,,,,517,529,,10.17129/botsci.247,,,1,0.25,0,0,0,1,0,0
EFFECTS OF SEED INGESTION BY THE LESSER LONG-NOSED BAT LEPTONYCTERIS YERBABUENAE ON THE GERMINATION OF THE GIANT CACTUS ISOLATOCEREUS DUMORTIERI,"Rojas-Martinez, Alberto E.; Pavon, Numa P.; Castillo, Juan P.",,,,SOUTHWESTERN NATURALIST,MAR 2015,2015,60,1,,,,85,89,,10.1894/TAL-69.1,,,1,0.25,0,0,0,1,0,0
MANAGEMENT AND DOMESTICATION SYNDROMES OF CAPULIN (Prunus serotina Ehrh ssp capuli (Cav.) Mc Vaugh) IN COMMUNITIES OF THE STATE OF TLAXCALA,"Avendano-Gomez, Aide; Lira-Saade, Rafael; Madrigal-Calle, Beatriz; Garcia-Moya, Edmundo; Soto-Hernandez, Marcos; Romo de Vivar-Romo, Alfonso",,,,AGROCIENCIA,FEB-MAR 2015,2015,49,2,,,,189,204,,,,,1,0.25,0,0,0,0,1,0
Physico-chemical and sensory evaluation of cactus pear (Opuntia ficus-indica L. Mill and Opuntia robusta Wendl) cladode flour in different baked products,"De Wit, M.; Bothma, C.; Hugo, A.; Sithole, T.; Absalom, C.; Van den Berg, C.",,,,JOURNAL OF THE PROFESSIONAL ASSOCIATION FOR CACTUS DEVELOPMENT,2015,2015,17,,,,,89,106,,,,,1,0.25,0,0,0,0,1,0
Effect of substrate and gibberellic acid (GA(3)) on seed germination in ten cultivars of Opuntia sps.,"Judith Ochoa, Maria; Maritza Gonzalez-Flores, Luz; Manuel Cruz-Rubio, Jose; Portillo, Liberato; Florencio Gomez-Leyva, Juan",,,,JOURNAL OF THE PROFESSIONAL ASSOCIATION FOR CACTUS DEVELOPMENT,2015,2015,17,,,,,50,60,,,,,1,0.25,0,0,0,1,0,0
"Use of columnar cacti in the Tehuacan Valley, Mexico: perspectives for sustainable management of non-timber forest products","Perez-Negron, Edgar; Davila, Patricia; Casas, Alejandro",,,,JOURNAL OF ETHNOBIOLOGY AND ETHNOMEDICINE,DEC 23 2014,2014,10,,,,,,,79,10.1186/1746-4269-10-79,,,1,0.2,0,0,0,1,0,0
Cereus Peruvianus (KOUBO) NEW CACTUS FRUIT FOR THE WORLD,"Mizrahi, Yosef",,,,REVISTA BRASILEIRA DE FRUTICULTURA,MAR 2014,2014,36,1,,,,68,78,,10.1590/0100-2945-447/13,,,1,0.2,0,0,0,1,0,0
Identification and role of Opuntia ficus indica constituents in the flocculation mechanism of colloidal solutions,"Bouaouine, Omar; Bourven, Isabelle; Khalil, Fouad; Bressollier, Philippe; Baudu, Michel",,,,SEPARATION AND PURIFICATION TECHNOLOGY,JAN 31 2019,2019,209,,,,,892,899,,10.1016/j.seppur.2018.09.036,,,0,0,0,0,0,0,0,0
Will climate change cause spatial mismatch between plants and their pollinators? A test using Andean cactus species,"Gorostiague, Pablo; Sajama, Jesus; Ortega-Baes, Pablo",,,,BIOLOGICAL CONSERVATION,OCT 2018,2018,226,,,,,247,255,,10.1016/j.biocon.2018.07.003,,,0,0,0,0,0,0,0,0
Frugivory and seed dispersal in the endemic cactus Eulychnia acida: extending the anachronism hypothesis to the Chilean Mediterranean ecosystem,"Cares, Rocio A.; Saez-Cordovez, Consuelo; Valiente-Banuet, Alfonso; Medel, Rodrigo; Botto-Mahan, Carezza",,,,REVISTA CHILENA DE HISTORIA NATURAL,SEP 25 2018,2018,91,,,,,,,9,10.1186/s40693-018-0079-4,,,0,0,0,0,0,0,0,0
A new species of Deamia (Cactaceae) from the Mesoamerican region,"Ceren, Gabriel; Angel Cruz, Miguel; Menjivar, Jenny; Arias, Salvador",,,,PHYTOTAXA,SEP 21 2018,2018,369,4,,,,251,259,,10.11646/phytotaxa.369.4.2,,,0,0,0,0,0,0,0,0
Pericarp development in fruit of epiphytic cacti: implications for fruit classification and macro-morphology in the Cactaceae,"Garcia de Almeida, Odair Jose; de Souza, Luiz Antonio; Sartori Paoli, Adelita Aparecida; Davis, Arthur R.; Cota-Sanchez, J. Hugo",,,,BOTANY,SEP 2018,2018,96,9,,,,621,635,,10.1139/cjb-2018-0074,,,0,0,0,0,0,0,0,0
Influence of Rootstocks on Vegetative and Generative Characteristics of the Apple Cultivar 'Topaz' According to Organic Production Conditions in Eastern Austria,"Spornberger, Andreas; Schueller, Elisabeth; Videki, Edina; Vegvari, Gyorgy",,,,ERWERBS-OBSTBAU,SEP 2018,2018,60,3,,,,231,238,,10.1007/s10341-017-0363-5,,,0,0,0,0,0,0,0,0
The edible fruit species in Mexico,"Segura, S.; Fresnedo, J.; Mathuriau, C.; Lopez, J.; Andres, J.; Muratalla, A.",,,,GENETIC RESOURCES AND CROP EVOLUTION,AUG 2018,2018,65,6,,,,1767,1793,,10.1007/s10722-018-0652-3,,,0,0,0,0,0,0,0,0
"A distinctive new species of Thelocactus (Cactaceae) from Oaxaca, Mexico","Davis, Tristan J.; Hernandez, Hector M.; Starr, Greg D.; Gomez-Hinostrosa, Carlos",,,,PHYTOTAXA,JUL 18 2018,2018,361,1,,,,115,122,,10.11646/phytotaxa.361.1.10,,,0,0,0,0,0,0,0,0
Microsites of seed arrival: spatio-temporal variations in complex seed-disperser networks,"Garcia-Cervigon, Ana I.; Zywiec, Magdalena; Delibes, Miguel; Suarez-Esteban, Alberto; Perea, Ramon; Fedriani, Jose M.",,,,OIKOS,JUL 2018,2018,127,7,,,,1001,1013,,10.1111/oik.04881,,,0,0,0,0,0,0,0,0
Opposing forces of seed dispersal and seed predation by mammals for an invasive cactus in central Kenya,"Dudenhoeffer, Megan; Hodge, Anne-Marie C.",,,,AFRICAN JOURNAL OF ECOLOGY,JUN 2018,2018,56,2,,,,179,184,,10.1111/aje.12504,,,0,0,0,0,0,0,0,0
"Reproductive potential of Stenocereus queretaroensis (Cactaceae) of San Jose de Cosalima, Zacatecas","Solis-Marquez, Oliva; Ofelia Plascencia-Escalante, F.; Romero-Manzanares, Angelica; Antonio Cruz-Rodriguez, Juan; Angeles-Perez, Gregorio; Carlos Lopez-Acosta, Juan; Yanez-Jimenez, Petra",,,,REVISTA MEXICANA DE BIODIVERSIDAD,JUN 2018,2018,89,2,,,,553,562,,10.22201/ib.20078706e.2018.2.1874,,,0,0,0,0,0,0,0,0
"Functional Dioecy in Echinocereus: Ontogenetic Patterns, Programmed Cell Death, and Evolutionary Significance","Hernandez-Cruz, Rocio; Barron-Pacheco, Fatima; Sanchez, Daniel; Arias, Salvador; Vazquez-Santana, Sonia",,,,INTERNATIONAL JOURNAL OF PLANT SCIENCES,MAY 2018,2018,179,4,,,,257,274,,10.1086/697072,,,0,0,0,0,0,0,0,0
Attractiveness of Different Food Resources to Dung Beetles (Coleoptera: Scarabaeidae) of a Dry Tropical Area,"Salomo, R. P.; Maia, A. C. D.; Bezerra, B. M.; Iannuzzi, L.",,,,NEOTROPICAL ENTOMOLOGY,FEB 2018,2018,47,1,,,,69,78,,10.1007/s13744-017-0515-1,,,0,0,0,0,0,0,0,0
Homozygote Depression in Gamete-Derived Dragon-Fruit (Hylocereus) Lines,"Li, Daqing; Martinez, Maria F. Arroyave; Shaked, Ruth; Tel-Zur, Noemi",,,,FRONTIERS IN PLANT SCIENCE,JAN 5 2018,2018,8,,,,,,,2142,10.3389/fpls.2017.02142,,,0,0,0,0,0,0,0,0
"Characterization of endozoochorous dispersal of pitayo Stenocereus queretaroensis, in Autlan, Jalisco, Mexico","Garcia-Ruiz, Miriam; Ruan-Tejeda, Irma; Zuloaga-Aguilar, Martha S.; Iniguez-Davalos, Luis I.",,,,ETHOLOGY ECOLOGY & EVOLUTION,2018,2018,30,5,,,,447,460,,10.1080/03949370.2017.1423114,,,0,0,0,0,0,0,0,0
Antioxidative and Antiradical Activities of Bioactive Compounds of Extracts From Algerian Prickly Pear (Opuntia ficus-indica. L) Fruits,"Benattia, Farah Kenza; Arrar, Zoheir",,,,CURRENT NUTRITION & FOOD SCIENCE,2018,2018,14,3,,,,211,217,,10.2174/1573401313666170609101639,,,0,0,0,0,0,0,0,0
INDUCTION OF PARTHENOCARPY IN Opuntia spp.,"Varela-Delgadillo, Oscar E.; Livera-Munoz, Manuel; Muratalla-Lua, Alfonso; Carrillo-Salazar, Jose A.",,,,REVISTA FITOTECNIA MEXICANA,JAN-MAR 2018,2018,41,1,,,,3,11,,,,,0,0,0,0,0,0,0,0
Functional dioecy in Gleditsia amorphoides (Fabaceae),"Carolina Cerino, Maria; Cesar Castro, Damian; Alicia Richard, Geraldina; de Lujan Exner, Eliana; Francisco Pensiero, Jose",,,,AUSTRALIAN JOURNAL OF BOTANY,2018,2018,66,1,,,,85,93,,10.1071/BT16185,,,0,0,0,0,0,0,0,0
Genetic diversity of Ziziphus lotus natural populations from Algeria based on fruit morphological markers,"Boussaid, Mohamed; Taibi, Khaled; Abderrahim, Leila Ait; Ennajah, Amel",,,,ARID LAND RESEARCH AND MANAGEMENT,2018,2018,32,2,,,,184,197,,10.1080/15324982.2018.1424742,,,0,0,0,0,0,0,0,0
Pollination and reproductive system of synchronopatric species of Cactaceae (Cactoideae) subject to interspecific flow of pollen: an example of ecological adaptation in the Brazilian Chaco,"Ferreira, B. H. S.; Gomes, A. C.; Souza, C. S.; Fabri, J. R.; Sigrist, M. R.",,,,PLANT BIOLOGY,JAN 2018,2018,20,1,,,,101,112,,10.1111/plb.12641,,,0,0,0,0,0,0,0,0
"Composition, use and bioactive properties of prickly pear (Opuntia ficus-indica L. Mill.) fruit and seeds","Ozcan, Mehmet Musa; Matthaeus, Bertrand",,,,ZEITSCHRIFT FUR ARZNEI- & GEWURZPFLANZEN,DEC 2017,2017,22,4,,,,177,180,,,,,0,0,0,0,0,0,0,0
"Synchronous fruiting and common seed dispersers of two endemic columnar cacti in the Caatinga, a dry forest in Brazil","Nobrega Gomes, Vanessa Gabrielle; Meiado, Marcos Vinicius; Maciel Quirino, Zelma Glebya; Pereira de Araujo, Helder Farias; Machado, Isabel Cristina",,,,PLANT ECOLOGY,DEC 2017,2017,218,11-12,,,,1325,1338,,10.1007/s11258-017-0771-5,,,0,0,0,0,0,0,0,0
Phytochemical composition and antioxidant activity of Tunisian cactus pear (Opuntia ficus indica L.) flower,"Ouerghemmi, Ines; Harbeoui, Hela; Wannes, Wissem Aidi; Rebey, Iness Bettaieb; Hammami, Majdi; Marzouk, Brahim; Tounsi, Moufida Saidani",,,,JOURNAL OF FOOD BIOCHEMISTRY,OCT 2017,2017,41,5,,,,,,e12390,10.1111/jfbc.12390,,,0,0,0,0,0,0,0,0
"Reproductive biology of Ferocactus recurvus (Mill.) Borg subsp recurvus (Cactaceae) in the Tehuacan-Cuicatlan Valley, Mexico","Cordova-Acosta, E.; Zavala-Hurtado, J. A.; Golubov, J.; Casas, A.",,,,PLANT BIOLOGY,SEP 2017,2017,19,5,,,,798,805,,10.1111/plb.12585,,,0,0,0,0,0,0,0,0
"Pollination biology of Agave horrida (Agavaceae) in the Chichinautzin mountain range, in Central Mexico","Flores-Torres, Arnoldo; Galindo-Escamilla, Andrea",,,,BOTANICAL SCIENCES,JUL-SEP 2017,2017,95,3,,,,423,431,,10.17129/botsci.1022,,,0,0,0,0,0,0,0,0
Reproductive ecology of the threatened  star cactus Astrophytum ornatum ( Cactaceae): a strategy of continuous reproduction with low success,"Loraine Matias-Palafox, Maria; Leonor Jimenez-Sierra, Cecilia; Golubov, Jordan; Mandujano, Maria C.",,,,BOTANICAL SCIENCES,APR-JUN 2017,2017,95,2,,,,245,258,,10.17129/botsci.780,,,0,0,0,0,0,0,0,0
"Sexual Propagation of the Tunisian Spinescent Opuntia ficus-indica (L.) Mill., Morphogenetic Deployment and Polymorphism","Stambouli-Essassi, Sondes; Zakraoui, Mariem; Bouzid, Sadok; Harzallah-Skhiri, Fethia",,,,NOTULAE BOTANICAE HORTI AGROBOTANICI CLUJ-NAPOCA,2017,2017,45,1,,,,50,58,,10.15835/nbha45110600,,,0,0,0,0,0,0,0,0
"DESCRIPTION OF THE FRUIT OF NOPALEA COCHENILLIFERA (L.) SALM-DYCK SOLD IN THE TRADITIONAL MARKET OF RIOVERDE, SAN LUIS POTOSI, MEXICO","Antonio Reyes-Aguero, Juan; Rogelio Aguirre-Rivera, Juan",,,,HASELTONIA,DEC 2016,2016,,22,,,,43,45,,,,,0,0,0,0,0,0,0,0
Diet and Pollinator Role of the Long-Snouted Bat Platalina genovensium in Lomas Ecosystem of Peru,"Maguina, Rossana; Amanzo, Jessica",,,,TROPICAL CONSERVATION SCIENCE,OCT-DEC 2016,2016,9,4,,,,,,,10.1177/1940082916674288,,,0,0,0,0,0,0,0,0
Occurrence and characterisation of calcium oxalate crystals in stems and fruits of Hylocereus costaricensis and Selenicereus megalanthus (Cactaceae: Hylocereeae),"Vinas, Maria; Jimenez, Victor M.",,,,MICRON,OCT 2016,2016,89,,,,,21,27,,10.1016/j.micron.2016.07.002,,,0,0,0,0,0,0,0,0
Nutritive and Anti-Nutritive Composition of Moroccan Opuntia ficus indica Cladodes and Fruits,"Toure, Hamadoun Abba; Bouatia, Mustapha; Alouani, Imane; Idrissi, Mohammed O. B.; Hmamouch, Mohammed, I; Draoui, Mustapha",,,,RESEARCH JOURNAL OF PHARMACEUTICAL BIOLOGICAL AND CHEMICAL SCIENCES,SEP-OCT 2016,2016,7,5,,,,1275,1281,,,,,0,0,0,0,0,0,0,0
Myiarchus flycatchers are the primary seed dispersers of Bursera longipes in a Mexican dry forest,"Carlos Almazan-Nunez, R.; Eguiarte, Luis E.; del Coro Arizmendi, Maria; Corcuera, Pablo",,,,PEERJ,JUN 15 2016,2016,4,,,,,,,e2126,10.7717/peerj.2126,,,0,0,0,0,0,0,0,0
EFFECTS OF PLANT GROWTH REGULATORS ON SEED GERMINATION AND CALLUS INDUCTION OF HYLOCEREUS COSTARICENSIS,"Sheng, Winson Koe Wei; Sundarasekar, Jeevandran; Sathasivam, Kathiresan; Subramaniam, Sreeramanan",,,,PAKISTAN JOURNAL OF BOTANY,JUN 2016,2016,48,3,,,,977,982,,,,,0,0,0,0,0,0,0,0
Differential allelopathy between genders of an invasive dioecious tree on desert plants,"Avendano-Gonzalez, Marcela; Badano, Ernesto I.; Ramirez-Albores, Jorge E.; Flores, Joel; Flores-Cano, Jorge A.",,,,BOTANICAL SCIENCES,APR-JUN 2016,2016,94,2,,,,253,262,,10.17129/botsci.522,,,0,0,0,0,0,0,0,0
Overview of Cactus (Opuntia Ficus-Indica (L): A Myriad of Alternatives,"Isaac, Agholor Azikiwe",,,,STUDIES ON ETHNO-MEDICINE,APR 2016,2016,10,2,,,,195,205,,,,,0,0,0,0,0,0,0,0
ANALYSIS OF PHYSICAL AND CHEMICAL CHARACTERISTICS OF THE PULP OF Opuntia elatior Miller FRUIT,"Jhoany, Gallardo; Yanira, Teran; Yelitza, Mujica; Elimar, Rodriguez; Humberto, Barazarte; Deysi, Petit; Ramon, D'Aubeterre",,,,AGROINDUSTRIA SOCIEDAD Y AMBIENTE ASA,JAN-JUN 2016,2016,1,6,,,,52,67,,,,,0,0,0,0,0,0,0,0
Floral traits and pollination system of Zygophyllum xanthoxylum in the managed and wild populations in an arid region of Northwest China,Chen Min; Zhao Xueyong; Zuo Xiao'an; Lian Jie; Zhu Yangchun,,,,JOURNAL OF ARID LAND,AUG 2015,2015,7,4,,,,488,500,,10.1007/s40333-015-0042-z,,,0,0,0,0,0,0,0,0
ARTIFICIAL POLLINATION AND FRUIT QUALITY IN RED PITAYA,"de Menezes, Thatiane Padilha; Ramos, Jose Darlan; Bruzi, Adriano Teodoro; Costa, Ana Claudia",,,,BIOSCIENCE JOURNAL,MAY-JUN 2015,2015,31,3,,,,801,807,,,,,0,0,0,0,0,0,0,0
EXPERIMENTAL EVIDENCE FOR REPRODUCTIVE ISOLATION BETWEEN ASTROPHYTUM COAHUILENSE (H. MOLLER) KAYSER AND A-CAPRICORNE VAR. SENILE (FRIC) OKUMURA (CACTACEAE),"Montanucci, Richard R.",,,,HASELTONIA,FEB 2015,2015,,20,,,,13,21,,,,,0,0,0,0,0,0,0,0
Tests for evaluating the physiological quality of pitaya seeds,"Ortiz, Thiago Alberto; Moritz, Aline; Assari Takahashi, Lucia Sadayo; Urbano, Mariana Ragassi",,,,SEMINA-CIENCIAS AGRARIAS,2015,2015,36,6,,2,,4047,4058,,10.5433/1679-0359.2015v36n6Supl2p4047,,,0,0,0,0,0,0,0,0
REPRODUCTIVE ABILITY AND POSIBILITIES OF RESTORATION OF THE GENUS PARODIA SPEG. (CACTACEAE JUSS.) IN GREENHOUSES CONDITIONS,"Baglay, Kateryna",,,,MODERN PHYTOMORPHOLOGY,2015,2015,8,,,,,119,122,,,,,0,0,0,0,0,0,0,0
"Opuntia gallegiana, a New Speices Producer of Xoconostle of Zacatecas, Mexico (Cactaceae)","Scheinvar, Leia; Olalde, Gabriel",,,,NOVON,NOV 2014,2014,23,3,,,,328,335,,10.3417/2010067,,,0,0,0,0,0,0,0,0
"Opuntia tezontepecana, a New Species of Cactaceae of the State of Hidalgo, Mexico","Gallegos, Clemente; Scheinvar, Leia",,,,NOVON,JUL 2014,2014,23,2,,,,157,161,,10.3417/2010107,,,0,0,0,0,0,0,0,0
Exceptional reduction of the plastid genome of saguaro cactus (Carnegiea gigantea): Loss of the ndh gene suite and inverted repeat,"Sanderson, Michael J.; Copetti, Dario; Burquez, Alberto; Bustamante, Enriquena; Charboneau, Joseph L. M.; Eguiarte, Luis E.; Kumar, Sudhir; Lee, Hyun Oh; Lee, Junki; McMahon, Michelle; Steele, Kelly; Wing, Rod; Yang, Tae-Jin; Zwickl, Derrick; Wojciechowski, Martin F.",,,,AMERICAN JOURNAL OF BOTANY,JUL 2015,2015,102,7,,,,1115,1127,,10.3732/ajb.1500184,,,27,6.75,0,0,5,12,10,0
Balancing anti-herbivore benefits and anti-pollinator costs of defensive mutualists,"Ohm, Johanna R.; Miller, Tom E. X.",,,,ECOLOGY,OCT 2014,2014,95,10,,,,2924,2935,,10.1890/13-2309.1,,,17,3.4,1,0,4,3,9,0
Life-history traits predict perennial species response to fire in a desert ecosystem,"Shryock, Daniel F.; DeFalco, Lesley A.; Esque, Todd C.",,,,ECOLOGY AND EVOLUTION,AUG 2014,2014,4,15,,,,3046,3059,,10.1002/ece3.1159,,,10,2,0,3,3,3,1,0
"Seed mass, germination and seedling traits for some central Argentinian cacti","Sosa Pivatto, Maria; Funes, Guillermo; Ferreras, Ana E.; Gurvich, Diego E.",,,,SEED SCIENCE RESEARCH,MAR 2014,2014,24,1,,,,71,77,,10.1017/S0960258513000366,,,10,2,1,3,1,4,1,0
Effect of light on seed germination and seedling shape of succulent species from Mexico,"Flores, Joel; Gonzalez-Salvatierra, Claudia; Jurado, Enrique",,,,JOURNAL OF PLANT ECOLOGY,APR 2016,2016,9,2,,,,174,179,,10.1093/jpe/rtv046,,,7,2.33,0,0,1,4,2,0
Are seed mass and seedling size and shape related to altitude? Evidence in Gymnocalycium monvillei (Cactaceae),"Bauk, Karen; Perez-Sanchez, Reyes; Zeballos, Sebastian R.; Penas, M. Laura Las; Flores, Joel; Gurvich, Diego E.",,,,BOTANY,AUG 2015,2015,93,8,,,,529,533,,10.1139/cjb-2015-0026,,,6,1.5,0,0,0,4,2,0
Very fast germination: additional records and relationship to embryo size and phylogeny,"Parsons, Robert F.; Vandelook, Filip; Janssens, Steven B.",,,,SEED SCIENCE RESEARCH,JUN 2014,2014,24,2,,,,159,163,,10.1017/S096025851400004X,,,6,1.2,0,0,4,1,1,0
"Assessing the importance of multiple threats to an endangered globose cactus in Mexico: Cattle grazing, looting and climate change","Martorell, Carlos; Montanana, Delfin M.; Ureta, Carolina; Mandujano, Maria C.",,,,BIOLOGICAL CONSERVATION,JAN 2015,2015,181,,,,,73,81,,10.1016/j.biocon.2014.10.035,,,4,1,0,0,0,3,1,0
"Morphological variation, management and domestication of 'maguey alto' (Agave inaequidens) and 'maguey manso' (A-hookeri) in Michoacan, Mexico","Julia Figueredo, Carmen; Casas, Alejandro; Colunga-GarciaMarin, Patricia; Nassar, Jafet M.; Gonzalez-Rodriguez, Antonio",,,,JOURNAL OF ETHNOBIOLOGY AND ETHNOMEDICINE,SEP 16 2014,2014,10,,,,,,,66,10.1186/1746-4269-10-66,,,4,0.8,0,2,0,1,1,0
Conserving seeds of useful wild plants in Mexico: main issues and recommendations,"Rodriguez-Arevalo, Isela; Mattana, Efisio; Garcia, Lilia; Liu, Udayangani; Lira, Rafael; Davila, Patricia; Hudson, Alex; Pritchard, Hugh W.; Ulian, Tiziana",,,,GENETIC RESOURCES AND CROP EVOLUTION,AUG 2017,2017,64,6,,,,1141,1190,,10.1007/s10722-016-0427-7,,,3,1.5,0,0,0,0,3,0
Seed characteristics in Cactaceae: Useful diagnostic features for screening species for invasiveness?,"Novoa, A.; Rodriguez, J.; Lopez-Nogueira, A.; Richardson, D. M.; Gonzalez, L.",,,,SOUTH AFRICAN JOURNAL OF BOTANY,JUL 2016,2016,105,,,,,61,65,,10.1016/j.sajb.2016.01.003,,,3,1,0,0,0,2,1,0
"Population dynamics of Mammillaria humboldtii, an endemic cactus from Hidalgo state, Mexico","Martinez-Ramos, Marisol; Arroyo-Cosultchi, Gabriel; Maria Mandujano, C.; Golubov, Jordan",,,,BOTANICAL SCIENCES,APR-JUN 2016,2016,94,2,,,,199,208,,10.17129/botsci.270,,,3,1,0,0,0,1,2,0
The population dynamics of an endemic collectible cactus,"Mandujano, Maria C.; Bravo, Yolotzin; Verhulst, Johannes; Carrillo-Angeles, Israel; Golubov, Jordan",,,,ACTA OECOLOGICA-INTERNATIONAL JOURNAL OF ECOLOGY,FEB 2015,2015,63,,,,,1,7,,10.1016/j.actao.2014.12.004,,,3,0.75,0,0,1,2,0,0
2C DNA Value of Persian Poppy (Papaver bracteatum Lindl.) Medicinal Plant As Revealed By Flow Cytometry Analysis; A Quick Effective Criteria for Distinguishing Unidentified Papaver Species,"Esfahani, Saeed Tarkesh; Karimzadeh, Ghasem; Naghavi, Mohammad Reza",,,,INTERNATIONAL JOURNAL OF ADVANCED BIOTECHNOLOGY AND RESEARCH,JUN 2016,2016,7,2,,,,573,578,,,,,2,0.67,0,0,0,0,2,0
Pulse seedling recruitment on the population dynamics of a columnar cactus: Effect of an extreme rainfall event,"Arroyo-Cosultchi, Gabriel; Golubov, Jordan; Mandujano, Maria C.",,,,ACTA OECOLOGICA-INTERNATIONAL JOURNAL OF ECOLOGY,FEB 2016,2016,71,,,,,52,60,,10.1016/j.actao.2016.01.006,,,2,0.67,0,0,0,1,1,0
Infiltration of a facultative ant-plant mutualism by the introduced Argentine ant: effects on mutualist diversity and mutualism benefits,"Ludka, John; Levan, Katherine E.; Holway, David A.",,,,ECOLOGICAL ENTOMOLOGY,AUG 2015,2015,40,4,,,,437,443,,10.1111/een.12206,,,2,0.5,0,0,1,0,1,0
Effects of seed colour heterogeneity on germination behaviour of the desert plant Lotononis platycarpa (Fabaceae),"Gairola, Sanjay; Shabana, Hatem A.; Mahmoud, Tamer; Santo, Andrea",,,,NORDIC JOURNAL OF BOTANY,MAR 2018,2018,36,3,,,,,,UNSP e01617,10.1111/njb.01617,,,1,1,0,0,0,0,1,0
In situ or ex situ seed conservation: which is the more effective way to maintain seed longevity of an endangered cactus?,"Bispo Nascimento, Joana Paula; Meiado, Marcos Vinicius",,,,PLANT SPECIES BIOLOGY,APR 2017,2017,32,2,,,,115,120,,10.1111/1442-1984.12131,,,1,0.5,0,0,0,0,1,0
Biogeography and ecology of the genus Turbinicarpus (Cactaceae): environmental controls of taxa richness and morphology,"Donati, Davide; Bianchi, Claudia; Pezzi, Giovanna; Conte, Lucia; Hofer, Anton; Chiarucci, Alessandro",,,,SYSTEMATICS AND BIODIVERSITY,2017,2017,15,4,,,,361,371,,10.1080/14772000.2016.1251504,,,1,0.5,0,0,0,0,1,0
Seed dormancy in Stachytarpheta species (Verbenaceae) from high-altitude sites in south-eastern Brazil,"Barreto, Leilane C.; Santos, Fernando M. G.; Garcia, Queila S.",,,,FLORA,NOV 2016,2016,225,,,,,37,44,,10.1016/j.flora.2016.09.009,,,1,0.33,0,0,0,1,0,0
"Nuclear genome size, ploidy level and endopolyploidy pattern in six species of Opuntia (Cactaceae)","Palomino, G.; Martinez, J.; Mendez, I.; Munoz-Urias, A.; Cepeda-Cornejo, V.; Pimienta-Barrios, E.",,,,CARYOLOGIA,2016,2016,69,1,,,,82,89,,10.1080/00087114.2015.1109956,,,1,0.33,0,0,0,0,1,0
EFFECT OF SCARIFICATION AND TEMPERATURE ON SEED GERMINATION OF TWO MEXICAN SPECIES OF MIMOSA (LEGUMINOSAE-MIMOSOIDEAE),"Adriana Montano-Arias, Susana; Lucia Camargo-Ricalde, Sara; Grether, Rosaura; Diaz-Pontones, David",,,,BOTANICAL SCIENCES,SEP 2015,2015,93,3,,,,649,659,,10.17129/botsci.185,,,1,0.25,0,0,0,1,0,0
Zeaxanthin nanoencapsulation with Opuntia monacantha mucilage as structuring material: Characterization and stability evaluation under different temperatures,"de Campo, Camila; Dick, Melina; dos Santos, Priscilla Pereira; Haas Costa, Tania Maria; Paese, Karina; Guterres, Silvia Staniscuaski; Rios, Alessandro de Oliveira; Flores, Simone Hickmann",,,,COLLOIDS AND SURFACES A-PHYSICOCHEMICAL AND ENGINEERING ASPECTS,DEC 5 2018,2018,558,,,,,410,421,,10.1016/j.colsurfa.2018.09.009,17th Food Colloids Conference on Application of Soft Matter Concepts,"APR 08-11, 2018",0,0,0,0,0,0,0,0
Stimulation of the germination and growth of different plant species using an electric field treatment with IrO2-Ta2O5 vertical bar Ti electrodes,"Acosta-Santoyo, Gustavo; Alheli Herrada, Rosa; De Folter, Stefan; Bustos, Erika",,,,JOURNAL OF CHEMICAL TECHNOLOGY AND BIOTECHNOLOGY,MAY 2018,2018,93,5,,,,1488,1494,,10.1002/jctb.5517,,,0,0,0,0,0,0,0,0
EXPLORATION OF VARIOUS INDONESIAN INDIGENOUS PLANTS AS NATURAL COAGULANTS FOR SYNTHETIC TURBID WATER,"Kristianto, Hans; Paulina, Sylvia; Soetedjo, Jenny Novianti Muliarahayu",,,,INTERNATIONAL JOURNAL OF TECHNOLOGY,MAR 2018,2018,9,3,,,,464,471,,10.14716/ijtech.v9i3.279,,,0,0,0,0,0,0,0,0
Studies on convective drying of 'Ameclyae' Opuntia ficus-indica seeds and its effect on the quality of extracted oil based on its alpha-tocopherol content,"Hassini, Lamine; Bettaieb, Emna; Motri, Samia; Desmorieux, Helene",,,,HEAT AND MASS TRANSFER,FEB 2018,2018,54,2,,,,393,402,,10.1007/s00231-017-2129-x,,,0,0,0,0,0,0,0,0
Hydrochory in seeds of Agave victoriae-reginae T. Moore endangered species: Morphology and anatomy as facilitators of hydro-dispersion and germination,"Sanchez-Salas, Jaime; Flores, Joel; Jurado, Enrique; Saenz-Mata, Jorge; Orozco-Figueroa, Pedro; Muro Perez, Gisela",,,,GAYANA BOTANICA,DEC 2017,2017,74,2,,,,251,261,,,,,0,0,0,0,0,0,0,0
"Heteromorphism in seeds of Leptocereus scopulophilus (Cactaceae) from Pan de Matanzas, Cuba","Angel Garcia-Beltran, Jose; Barrios, Duniel; Cuza-Perez, Alina",,,,SEED SCIENCE RESEARCH,DEC 2017,2017,27,4,,,,311,320,,10.1017/S0960258517000289,,,0,0,0,0,0,0,0,0
"Effect of salinity on seed germination, growth and metabolic activity of pitaya seedlings [Stenocereus thurberi (Engelm.) Buxb.]","Orozco, Antonio; Gardea, Alfonso A.; Rascon-Chu, Agustin; Sanchez, Alfonso",,,,JOURNAL OF THE PROFESSIONAL ASSOCIATION FOR CACTUS DEVELOPMENT,2017,2017,19,,,,,67,78,,,,,0,0,0,0,0,0,0,0
POLLEN LIMITATION IN A RARE CACTUS WITH SYNCHRONOUS MASS FLOWERING,"Martinez-Peralta, C.; Mandujano, M. C.",,,,HASELTONIA,DEC 2016,2016,,22,,,,2,8,,,,,0,0,0,0,0,0,0,0
ALLOMETRIC RELATIONSHIPS BETTER EXPLAIN SEED COAT MICROSCULPTURE TRAITS IN MENTZELIA SECTION BARTONIA (LOASACEAE) THAN ECOLOGY OR DISPERSAL,"Schenk, John J.; Sullivan, Melissa T.; Washburn, George A.; Franta, Roxanne C.; Chambers, Malinda L.",,,,INTERNATIONAL JOURNAL OF PLANT SCIENCES,MAR-APR 2016,2016,177,3,,,,263,276,,10.1086/684263,,,0,0,0,0,0,0,0,0
"Gymnocalycium campestre (Cactaceae, Trichocereeae), a New Species from Cordoba, Argentina","Repka, Radomir; Koutecky, Petr; Vahalik, Petr",,,,NOVON,DEC 2015,2015,24,3,,,,280,288,,10.3417/2015007,,,0,0,0,0,0,0,0,0
Application of Opuntia ficus-indica in bioremediation of wastewaters. A critical review,"Nharingo, Tichaona; Moyo, Mambo",,,,JOURNAL OF ENVIRONMENTAL MANAGEMENT,JAN 15 2016,2016,166,,,,,55,72,,10.1016/j.jenvman.2015.10.005,,,25,8.33,0,0,4,8,13,0
Diversity and genetic structure of the husk tomato (Physalis philadelphica Lam.) in Western Mexico,"Zamora-Tavares, Pilar; Vargas-Ponce, Ofelia; Sanchez-Martinez, Jose; Cabrera-Toledo, Danae",,,,GENETIC RESOURCES AND CROP EVOLUTION,JAN 2015,2015,62,1,,,,141,153,,10.1007/s10722-014-0163-9,,,10,2.5,0,2,3,0,5,0
"Agroforestry systems in the highlands of the Tehuacan Valley, Mexico: indigenous cultures and biodiversity conservation","Vallejo, Mariana; Casas, Alejandro; Blancas, Jose; Moreno-Calles, Ana I.; Solis, Leonor; Rangel-Landa, Selene; Davila, Patricia; Tellez, Oswaldo",,,,AGROFORESTRY SYSTEMS,FEB 2014,2014,88,1,,,,125,140,,10.1007/s10457-013-9660-7,,,7,1.4,0,1,3,3,0,0
Protein enrichment of an Opuntia ficus-indica cladode hydrolysate by cultivation of Candida utilis and Kluyveromyces marxianus,"Akanni, Gabriel B.; du Preez, James C.; Steyn, Laurinda; Kilian, Stephanus G.",,,,JOURNAL OF THE SCIENCE OF FOOD AND AGRICULTURE,MAR 30 2015,2015,95,5,,,,1094,1102,,10.1002/jsfa.6985,,,6,1.5,0,0,1,1,4,0
"Pre-plant soil fumigation with reduced rates under low permeability films for nursery production, orchard and vineyard replanting","Cabrera, J. Alfonso; Hanson, Bradley D.; Gerik, James S.; Gao, Suduan; Qin, Ruijun; Wang, Dong",,,,CROP PROTECTION,SEP 2015,2015,75,,,,,34,39,,10.1016/j.cropro.2015.05.003,,,4,1,0,0,0,1,3,0
EFFECT OF COMBINATIONS OF NITROGEN AND POTASSIUM ON THE GROWTH OF DRAGON FRUIT (Hylocereus undatus),"Bernardo Almeida, Edmilson Igor; de Medeiros Correa, Marcio Cleber; Crisostomo, Lindbergue Araujo; de Araujo, Neimar Arcanjo; do Vale Silva, Julio Cesar",,,,REVISTA BRASILEIRA DE FRUTICULTURA,DEC 2014,2014,36,4,,,,1018,1027,,10.1590/0100-2945-296/13,,,3,0.6,0,0,1,0,2,0
Bioactive compounds and antioxidant activity evolution during the ripening process of 12 Opuntia spp. fruit accessions,"Manuel Pinedo-Espinoza, Jose; Leobardo Aguirre-Mancilla, Cesar; Jimenez-Alvarado, Ruben; Carlos Raya-Perez, Juan; Iturriaga, Gabriel; Gabriel Ramirez-Pimentel, Juan; Delia Hernandez-Fuentes, Alma",,,,EMIRATES JOURNAL OF FOOD AND AGRICULTURE,2017,2017,29,2,,,,138,148,,10.9755/ejfa.2016-09-1324,,,1,0.5,0,0,0,0,1,0
Feather isotope analysis reveals differential patterns of habitat and resource use in populations of white-winged doves,"Carleton, Scott A.; Del Rio, Carlos Martinez; Robinson, Timothy J.",,,,JOURNAL OF WILDLIFE MANAGEMENT,AUG 2015,2015,79,6,,,,948,956,,10.1002/jwmg.916,,,1,0.25,0,0,1,0,0,0
"The structural characteristics, economic performance and prospects for the Italian cactus pear industry","Timpanaro, Giuseppe; Foti, Vera Teresa",,,,JOURNAL OF THE PROFESSIONAL ASSOCIATION FOR CACTUS DEVELOPMENT,2014,2014,16,,,,,32,50,,,,,1,0.2,0,0,1,0,0,0
Life cycle assessment of oil palm empty fruit bunch delignification using natural malic acid-based low-transition-temperature mixtures: a gate-to-gate case study,"Yiin, Chung Loong; Yusup, Suzana; Quitain, Armando T.; Uemura, Yoshimitsu; Sasaki, Mitsuru; Kida, Tetsuya",,,,CLEAN TECHNOLOGIES AND ENVIRONMENTAL POLICY,OCT 2018,2018,20,8,,,,1917,1928,,10.1007/s10098-018-1590-7,,,0,0,0,0,0,0,0,0
BIOCONVERSION OF VEGETABLE WASTE TO BIOGAS FROM RUMINAL MICROORGANISMS,"German Campos-Montiel, Rafael; Enrique Del Razo-Rodriguez, Oscar; Almaraz-Buendia, Isaac; Ramirez-Bribiesca, Efren; Soriano-Robles, Ramon; Armando Salinas-Martinez, Jesus; Arias-Margarito, Ladislao; Segundo Gonzalez-Munoz, Sergio",,,,REVISTA INTERNACIONAL DE CONTAMINACION AMBIENTAL,2018,2018,34,1,,,,149,155,,10.20937/RICA.2018.34.01.13,,,0,0,0,0,0,0,0,0
Growth and gas exchange in white pitaya under different concentrations of potassium and calcium,"Cajazeira, Joao Paulo; de Medeiros Correa, Marcio Cleber; Bernardo Almeida, Edmilson Igor; Queiroz, Ronialison Fernandes; Mesquita, Rosilene Oliveira",,,,REVISTA CIENCIA AGRONOMICA,JAN-MAR 2018,2018,49,1,,,,112,121,,10.5935/1806-6690.20180013,,,0,0,0,0,0,0,0,0
"Cactus Pear in Jordan - Current Status, Potential and Opportunities","Nasr, Y.",,,"Inglese, P; Liguori, G; Nefzaoui, A",VIII INTERNATIONAL CONGRESS ON CACTUS PEAR AND COCHINEAL,2015,2015,1067,,,,,299,303,,,8th International Congress on Cactus Pear and Cochineal,"OCT 28-31, 2013",0,0,0,0,0,0,0,0
R&D of Pitahayas - Dragonfruit - Vine Cacti: Limitations and Challenges and the Current Global Market,"Tel-Zur, N.",,,"Inglese, P; Liguori, G; Nefzaoui, A",VIII INTERNATIONAL CONGRESS ON CACTUS PEAR AND COCHINEAL,2015,2015,1067,,,,,365,370,,,8th International Congress on Cactus Pear and Cochineal,"OCT 28-31, 2013",0,0,0,0,0,0,0,0
"Costs, Revenues and Incomes of Sicilian Farms that Cultivate Cactus Pear","Tudisca, S.; Di Trapani, A. M.; Sgroi, F.; Testa, R.",,,"Inglese, P; Liguori, G; Nefzaoui, A",VIII INTERNATIONAL CONGRESS ON CACTUS PEAR AND COCHINEAL,2015,2015,1067,,,,,371,377,,,8th International Congress on Cactus Pear and Cochineal,"OCT 28-31, 2013",0,0,0,0,0,0,0,0
