ID,title,authors,source.title,publication.year,exclude,category,detailed.reason,notes,,
1,Genome-wide tests for introgression between cactophilic Drosophila implicate a role of inversions during speciation,"Lohse, Konrad; Clarke, Magnus; Ritchie, Michael G.; Etges, William J.",EVOLUTION,2015,y,title,not cacti,,,not cacti > not fruit > not allocation
2,Microencapsulation of betalains obtained from cactus fruit (Opuntia ficus-indica) by spray drying using cactus cladode mucilage and maltodextrin as encapsulating agents,"Carolina Otalora, Maria; Gregorio Carriazo, Jose; Iturriaga, Laura; Azucena Nazareno, Monica; Osorio, Coralia",FOOD CHEMISTRY,2015,y,title,not fruit,,,
3,Rain-induced Ejection of Pathogens from Leaves: Revisiting the Hypothesis of Splash-on-Film using High-speed Visualization,"Gilet, Tristan; Bourouiba, Lydia",INTEGRATIVE AND COMPARATIVE BIOLOGY,2014,y,title,not fruit,,,
4,Use of gelatin-maltodextrin composite as an encapsulation support for clarified juice from purple cactus pear (Opuntia stricta),"Castro-Munoz, Roberto; Barragan-Huerta, Blanca E.; Yanez-Fernandez, Jorge",LWT-FOOD SCIENCE AND TECHNOLOGY,2015,y,title,not allocation,,,
5,Adaptability in Stone Tool Use by Wild Capuchin Monkeys (Sapajus libidinosus),"Caldas De Moraes, Barbara Lins; Souto, Antonio Da Silva; Schiel, Nicola",AMERICAN JOURNAL OF PRIMATOLOGY,2014,y,title,not cacti,,,
6,"The tale of the shrinking weapon: seasonal changes in nutrition affect weapon size and sexual dimorphism, but not contemporary evolution","Miller, C. W.; McDonald, G. C.; Moore, A. J.",JOURNAL OF EVOLUTIONARY BIOLOGY,2016,y,abstract,not cacti,,,
7,Internal seed dispersal by parrots: an overview of a neglected mutualism,"Blanco, Guillermo; Bravo, Carolina; Pacifico, Erica C.; Chamorro, Daniel; Speziale, Karina L.; Lambertucci, Sergio A.; Hiraldo, Fernando; Tella, Jose L.",PEERJ,2016,y,title,not allocation,,,
8,PHYSICAL AND CHEMICAL CHARACTERISTICS OF CACTUS STEMS (Opuntia ficus-indica) FOR EXPORTATION AND DOMESTIC MARKETS,"Maki-Diaz, Griselda; Pena-Valdivia, Cecilia B.; Garcia-Nava, Rodolfo; Lourdes Arevalo-Galarza, M.; Calderon-Zavala, Guillermo; Anaya-Rosales, Socorro",AGROCIENCIA,2015,y,abstract,not fruit,,,
9,"Flowering phenology, fruit set and seed mass and number of five coexisting Gymnocalycium (Cactaceae) species from Cordoba Mountain, Argentina","Giorgis, Melisa A.; Cingolani, Ana M.; Gurvich, Diego E.; Astegiano, Julia",JOURNAL OF THE TORREY BOTANICAL SOCIETY,2015,y,full text,does not report values of interest,,,
10,"Seasonal resource value and male size influence male aggressive interactions in the leaf footed cactus bug, Narnia femorata","Nolen, Zachary J.; Allen, Pablo E.; Miller, Christine W.",BEHAVIOURAL PROCESSES,2017,y,title,not cacti,,,
11,"Seasonal Effects on the Population, Morphology and Reproductive Behavior of Narnia femorata (Hemiptera: Coreidae)","Cirino, Lauren A.; Miller, Christine W.",INSECTS,2017,y,title,not cacti,,,
12,"Adult nutrition, but not inbreeding, affects male primary sexual traits in the leaf-footed cactus bug Narnia femorata (Hemiptera: Coreidae)","Joseph, Paul N.; Sasson, Daniel A.; Allen, Pablo E.; Somjee, Ummat; Miller, Christine W.",ECOLOGY AND EVOLUTION,2016,y,title,not cacti,,,
13,A way to prepare a liposoluble natural pink colourant,"do Carmo, C. Saldanha; Nunes, A. N.; Serra, Ana Teresa; Ferreira-Dias, S.; Nogueira, I.; Duarte, M. M.",GREEN CHEMISTRY,2015,y,title,not cacti,,,
14,Mineral nutrition enhances yield and affects fruit quality of 'Cristalina' cactus pear,"Zegbe, Jorge A.; Serna-Perez, Alfonso; Mena-Covarrubias, Jaime",SCIENTIA HORTICULTURAE,2014,y,abstract,not allocation,,,
15,Opuntia spp. biodiversity conservation and utilization on the Cape Verde Islands,"Beccaro, G. L.; Bonvegna, L.; Donno, D.; Mellano, M. G.; Cerutti, A. K.; Nieddu, G.; Chessa, I.; Bounous, G.",GENETIC RESOURCES AND CROP EVOLUTION,2015,y,full text,does not compare across seed or fruit metrics,,,
16,HOW COMMON IS SELF-INCOMPATIBILITY ACROSS SPECIES OF THE HERKOGAMOUS GENUS ARIOCARPUS?,"Martinez-Peralta, Concepcion; Marquez-Guzman, Judith; Mandujano, Maria C.",AMERICAN JOURNAL OF BOTANY,2014,y,abstract,not allocation,,,
17,Larval host plant influences male body size and mating success in a tephritid fruit fly,"Shelly, Todd E.",ENTOMOLOGIA EXPERIMENTALIS ET APPLICATA,2018,y,title,not cacti,,,
18,"Morphological and genetic divergence between Agave inaequidens, A. cupreata and the domesticated A. hookeri. Analysis of their evolutionary relationships","Figueredo-Urbina, Carmen J.; Casas, Alejandro; Torres-Garcia, Ignacio",PLOS ONE,2017,y,title,not cacti,,,
19,An improved protocol for flow cytometry analysis of dragon fruit (Hylocereus spp.)-Species with a high polysaccharide content,"Li, Daqing; Cisneros, Aroldo; Tel-Zur, Noemi",SCIENTIA HORTICULTURAE,2017,y,title,not cacti,,,
20,Taxonomic and cytogenetic studies in Opuntia ser. Armatae (Cactaceae),"Las Penas, M. Laura; Oakley, Luis; Moreno, Natalia C.; Bernardello, Gabriel",BOTANY,2017,y,abstract,not allocation,,,
21,Advances in strawberry breeding at the University of Florida,"Whitaker, V. M.; Lee, S.; Osorio, L. F.; Verma, S.; Roach, J. A.; Mangandi, J.; Noh, Y. -H.; Gezan, S.; Peres, N.",VIII INTERNATIONAL STRAWBERRY SYMPOSIUM,2017,y,title,not cacti,,,
22,"Spatial distribution, size structure and reproduction of Astrophytum ornatum (Cactaceae)","Zepeda, Veronica; Golubov, Jordan; Mandujano, Maria C.",ACTA BOTANICA MEXICANA,2017,y,full text,not english,,,
23,Comparative morphology and anatomy of Backebergia militaris (Echinocereeae-Cactaceae) cephalium,"Vazquez-Sanchez, Monserrat; Terrazas, Teresa; Arias, Salvador",PLANT SYSTEMATICS AND EVOLUTION,2016,y,abstract,not allocation,,,
24,"Floral morphometry, anthesis, and pollination success of Mammillaria pectinifera (Cactaceae), a rare and threatened endemic species of Central Mexico","Valverde, Pedro Luis; Jimenez-Sierra, Cecilia; Lopez-Ortega, Gerardo; Zavala-Hurtado, Jose Alejandro; Rivas-Arancibia, Sombra; Rendon-Aguilar, Beatriz; Perez-Hernandez, Marco Aurelio; Cornejo-Romero, Amelia; Carrillo-Ruiz, Hortensia",JOURNAL OF ARID ENVIRONMENTS,2015,y,full text,does not compare across seed or fruit metrics,,,
25,The influence of herbivory and weather on the vital rates of two closely related cactus species,"Sauby, Kristen E.; Kilmer, John; Christman, Mary C.; Holt, Robert D.; Marsico, Travis D.",ECOLOGY AND EVOLUTION,2017,y,full text,does not report values of interest,,,
26,"Biodiversity conservation in an anthropized landscape: Trees, not patch size drive, bird community composition in a low-input agro-ecosystem","Mellink, Eric; Riojas-Lopez, Monica E.; Cardenas-Garcia, Melinda",PLOS ONE,2017,y,title,not cacti,,,
27,"Reproductive phenology of Stenocereus thurberi (Cactaceae) in a transitional region of northern Sinaloa, Mexico","Salomon-Montijo, Bladimir; Reyes-Olivas, Alvaro; Sanchez-Soto, Bardo H.",GAYANA BOTANICA,2016,y,full text,not english,need english,,
28,"Flowering and fruiting phenology, and physico-chemical characteristics of 2-year-old plants of six species of Opuntia from eight regions of Morocco","El Kharrassi, Youssef; Mazri, Mouaad Amine; Mabrouk, Achraf; Nasser, Boubker; El Mzouri, El Houssine",JOURNAL OF HORTICULTURAL SCIENCE & BIOTECHNOLOGY,2015,y,full text,does not compare across seed or fruit metrics,,,
29,Effects of natural and artificial selection on survival of columnar cacti seedlings: the role of adaptation to xeric and mesic environments,"Guillen, Susana; Terrazas, Teresa; Casas, Alejandro",ECOLOGY AND EVOLUTION,2015,y,abstract,not allocation,check citations for allocation studies,,
30,Pollen Morphology and Reproductive Performances in Opuntia ficus-indica (L.) Mill.,"ElBehi, A. W.; Orlandi, F.; Bonofiglio, T.; Romano, B.; Fornaciari, M.; Inglese, P.; Sortino, G.; Liguori, G.",VIII INTERNATIONAL CONGRESS ON CACTUS PEAR AND COCHINEAL,2015,y,abstract,not allocation,,,
31,Gibberellic Acid Application and Its Incidence on In Vitro Somatic Embryogenesis and Fruit Parthenocarpy in an Apomictic Cactus Pear (Opuntia ficus-indica (L.) Mill.) Clone,"Kaaniche-Elloumi, N.; Jedidi, E.; Mahmoud, K. B.; Chakroun, A.; Jemmali, A.",VIII INTERNATIONAL CONGRESS ON CACTUS PEAR AND COCHINEAL,2015,y,title,not allocation,,,
32,"PRE-DISPERSAL SEED PREDATION OF THE COLUMNAR CACTUS (NEOBUXBAUMIA TETETZO, CACTACEAE) BY BIRDS IN CENTRAL MEXICO","Maria Contreras-Gonzalez, Ana; del Coro Arizmendi, Maria",ORNITOLOGIA NEOTROPICAL,2014,y,title,not allocation,,,
33,Irrigation options to save water while enhancing export-size fruit and storability of Smooth Red' cactus pear,"Zegbe, Jorge A.; Serna-Perez, Alfonso",JOURNAL OF THE SCIENCE OF FOOD AND AGRICULTURE,2018,y,abstract,not allocation,,,
34,Microencapsulation of Purple Cactus Pear Fruit (Opuntia ficus indica) Extract by the Combined Method W/O/W Double Emulsion-Spray Drying and Conventional Spray Drying: A Comparative Study,"Toledo-Madrid, Keren; Gallardo-Velazquez, Tzayhri; Osorio-Revilla, Guillermo",PROCESSES,2018,y,title,not allocation,,,
35,Encapsulation of cactus (Opuntia megacantha) betaxanthins by ionic gelation and spray drying: A comparative study,"Carolina Otalora, Maria; Carriazo, Jose G.; Osorio, Coralia; Azucena Nazareno, Monica",FOOD RESEARCH INTERNATIONAL,2018,y,title,not allocation,,,
36,Demographic processes and anthropogenic threats of lithophytic cacti in eastern Brazil,"Hughes, Frederic M.; Figueira, Jose E. C.; Jacobi, Claudia M.; Borba, Eduardo L.",BRAZILIAN JOURNAL OF BOTANY,2018,y,title,not allocation,,,
37,Reproductive ecology of Agave colorata: the importance of nectar-feeding bats and the germination consequences of self-pollination,"Berenice Borbon-Palomares, Dalia; Laborin-Sivirian, Flora; Tinoco-Ojanguren, Clara; Cristina Penalba, M.; Reyes-Ortega, Ivonne; Molina-Freaner, Francisco",PLANT ECOLOGY,2018,y,abstract,not allocation,,,
38,Towards Drylands Biorefineries: Valorisation of Forage Opuntia for the Production of Edible Coatings,"Iris Najera-Garcia, Alba; Eduardo Lopez-Hernandez, Raul; Alexander Lucho-Constantino, Carlos; Vazquez-Rodriguez, Gabriela A.",SUSTAINABILITY,2018,y,abstract,not cacti,,,
39,Effect of flower orientation on the male and female traits of Myrtillocactus geometrizans (Cactaceae),"Aguilar-Garcia, S. A.; Figueroa-Castro, D. M.; Valverde, P. L.; Vite, F.",PLANT BIOLOGY,2018,y,title,not fruit,,,
40,"Differential germination associated with facultative vivipary in Stenocereus thurberi (Cactaceae): climatic correlations in marginal populations in Sinaloa, Mexico","Casillas-Alvarez, Pedro; Reyes-Olivas, Alvaro; Heleodoro Sanchez-Soto, Bardo; Garcia-Moya, Edmundo; Antonio Lugo-Garcia, Gabriel; Marcos Soto-Hernandez, Ramon",ACTA BOTANICA MEXICANA,2018,y,title,not allocation,,,
41,"Physical and physicochemical characteristics, bioactive compounds and antioxidant activity of xiquexique (Pilosocereus gounellei (A. Weber ex K. Schum.)) fruit","da Silva, Antonia Almeida; Dantas, Renato Lima; Veras, Claudiana dos Santos; Alves, Ricardo Elesbao; Silva, Silvanda de Melo",SEMINA-CIENCIAS AGRARIAS,2018,y,full text,does not compare across seed or fruit metrics,,,
42,Fruit production from Opuntia ficus-indica ecotypes in comparison to commercial Italian clones,"Gaspar Reis, Carlos Manuel; Gazarini, Luiz Carlos; Ribeiro, Maria Margarida",HORTICULTURAL SCIENCE,2018,y,full text,does not compare across seed or fruit metrics,,,
43,Morphological plasticity of an endemic widespread columnar cactus and its congener,"Arroyo-Cosultchi, Gabriel; Arias, Salvador; Lopez-Mata, Lauro; Terrazas, Teresa",BRAZILIAN JOURNAL OF BOTANY,2017,y,full text,does not compare across seed or fruit metrics,,,
44,Improvement of lactic acid bacteria viability in acid conditions employing agroindustrial co-products as prebiotic on alginate ionotropic gel matrix co-encapsulation,"Serrano-Casas, Victor; Lourdes Perez-Chabela, M.; Cortes-Barberena, Edith; Totosaus, Afonso",JOURNAL OF FUNCTIONAL FOODS,2017,y,title,not fruit,,,
45,Ecosystem-scale impacts of non-timber forest product harvesting: effects on soil nutrients,"Ruwanza, Sheunesu; Shackleton, Charlie M.",JOURNAL OF APPLIED ECOLOGY,2017,y,abstract,not allocation,,,
46,Effects of nitrogen and phosphorus fertilization on fruit yield and quality of cactus pear Opuntia ficus-indica (L.) Mill,"Arba, M.; Falisse, A.; Choukr-Allah, R.; Sindic, M.",FRUITS,2017,y,full text,does not compare across seed or fruit metrics,,,
47,"Shade, reproductive effort and growth of the endangered native cactus, Opuntia humifusa Raf. in Point Pelee National Park, Canada","Drezner, Taly Dawn",JOURNAL OF THE TORREY BOTANICAL SOCIETY,2017,y,full text,does not compare across seed or fruit metrics,,,
48,"Fruit number and weight depend on length, width and thickness of fruiting cladode in Opuntia albicarpa Scheinvar variety 'Cristalina'","Blanco-Macias, Fidel; de Jesus Mendez-Gallegos, Santiago; Magallanes-Quintanar, Rafael; Marquez-Madrid, Miguel; Villarreal-Guerrero, Federico; Andres Lopez-Santiago, Marco; David Valdez-Cepeda, Ricardo",JOURNAL OF THE PROFESSIONAL ASSOCIATION FOR CACTUS DEVELOPMENT,2017,y,full text,does not report values of interest,,,
49,Protective role of epiphytic fluorescent Pseudomonas on natural postharvest decay of tomato at room temperature,"Habiba, Shah; Noreen, Rubina; Ali, Syed Abid; Hasan, Khwaja Ali; Ara, Jehan; Sultana, Viqar; Ehteshamul-Haque, Syed",JOURNAL OF APPLIED BOTANY AND FOOD QUALITY,2017,y,title,not cacti,,,
50,REPEATABILITY OF FRUIT QUALITY TRAITSOF CACTUS PEAR,"Nunes, Valtania Xavier; Nunes, Nubia Xavier; De Oliveira, Carlinne Guimaraes; Soares Sobral, Raquel Rodrigues; Magalhaes Dos Santos, Carlos Eduardo",REVISTA BRASILEIRA DE FRUTICULTURA,2017,y,title,not allocation,,,
51,Morphological variation in Opuntia jaliscana (Cactaceae),"Noel Lopez-Borja, Edgar; de Lourdes Romo-Campos, Rosa; Julieta Arreola-Nava, Hilda; Munoz Urias, Alejandro; Loza-Cornejo, Sofia",ANALES DEL JARDIN BOTANICO DE MADRID,2017,y,full text,not english,,,
52,Social networks in the Little Scrub Island ground lizard (Ameiva corax),"Eifler, Douglas; Eifler, Maria; Malela, Keoleboge; Childers, Jackie",JOURNAL OF ETHOLOGY,2016,y,title,not cacti,,,
53,"In an arid urban matrix, fragment size predicts access to frugivory and rain necessary for plant population persistence","Ness, J. H.; Pfeffer, M.; Stark, J.; Guest, A.; Combs, L. J.; Nathan, E.",ECOSPHERE,2016,y,title,not allocation,,,
54,"Chemical and physical characterization of Opuntia spp. seeds grown in Hidalgo State, Mexico","Prieto-Garcia, Francisco; Prieto Mendez, Judith; Acevedo Sandoval, Otilio A.; Canales Flores, Roberto A.; Marmolejo Santillan, Yolanda",CIENCIA E INVESTIGACION AGRARIA,2016,y,full text,does not report values of interest,,,
55,"The importance of native bees, especially cactus bees (Diadasia spp) in the pollination of cactus pears","Felker, Peter; Bunch, Ron",JOURNAL OF THE PROFESSIONAL ASSOCIATION FOR CACTUS DEVELOPMENT,2016,y,title,not allocation,,,
56,Genetic divergence between Mexican Opuntia accessions inferred by polymerase chain reaction-restriction fragment length polymorphism analysis,"Samah, S.; Valadez-Moctezuma, E.; Pelaez-Luna, K. S.; Morales-Manzano, S.; Meza-Carrera, P.; Cid-Contreras, R. C.",GENETICS AND MOLECULAR RESEARCH,2016,y,title,not fruit,,,
57,"Study of TiO2 Particles Size, Dyes, and Catalyst to Improve The Performance of DSSC","Saehana, Sahrul; Darsikin; Muslimin",6TH NANOSCIENCE AND NANOTECHNOLOGY SYMPOSIUM (NNS2015),2016,y,title,not cacti,,,
58,Evaluation of the Efficiency of Opuntia ficus-indica Cladode Cuttings for Vegetative Multiplication,"Stambouli-Essassi, Sondes; Harrabi, Rania; Bouzid, Sadok; Harzallah-Skhiri, Fethia",NOTULAE BOTANICAE HORTI AGROBOTANICI CLUJ-NAPOCA,2015,y,abstract,not allocation,,,
59,Effect of NP Fertilizing on Fruit Yield and Fruit Quality of Cactus Pear,"Arba, M.; Paul, R.; Choukrallah, R.; Falisse, A.; Sindic, M.",VIII INTERNATIONAL CONGRESS ON CACTUS PEAR AND COCHINEAL,2015,y,abstract,not free,could not download for free,,
60,"Influence of the Timing of Flowers and Young Cladodes Removal on Reflowering and Harvest Periods, Yields and Fruits Quality of Prickly Pear (Opuntia ficus-indica)","Boujghagh, M.; Bouharroud, R.",VIII INTERNATIONAL CONGRESS ON CACTUS PEAR AND COCHINEAL,2015,y,abstract,not free,could not download for free,,
61,"Cactus Pear (O. ficus-indica (L.) Mill.) Fruit Production: Ecophysiology, Orchard and Fresh-Cut Fruit Management","Liguori, G.; Inglese, P.",VIII INTERNATIONAL CONGRESS ON CACTUS PEAR AND COCHINEAL,2015,y,abstract,not free,could not download for free,,
62,FLOWERING AND FRUCTIFICATION IN DIFFERENT TYPES OF CLADODES RED PITAYA IN LAVRAS-MG,"Costa, Ana Claudia; Ramos, Jose Darlan; dos Reis Silva, Fabio Oseias; Duarte, Mariene Helena",REVISTA BRASILEIRA DE FRUTICULTURA,2014,y,full text,not english,need english,,
63,A New Series of Pest- and Disease-Resistant Vigour-Controlling Apple Rootstocks,"Tustin, D. S.; Seymour, S. M.; Breen, K. C.","X INTERNATIONAL SYMPOSIUM ON INTEGRATING CANOPY, ROOTSTOCK AND ENVIRONMENTAL PHYSIOLOGY IN ORCHARD SYSTEMS",2014,y,title,not cacti,,,
64,"Anticoagulant therapy for symptomatic calf deep vein thrombosis (CACTUS): a randomised, double-blind, placebo-controlled trial","Righini, Marc; Galanaud, Jean-Philippe; Guenneguez, Herve; Brisot, Dominique; Diard, Antoine; Faisse, Pascale; Barrellier, Marie-Therese; Hamel-Desnos, Claudine; Jurus, Christine; Pichot, Olivier; Martin, Myriam; Mazzolai, Lucia; Choquenet, Clarisse; Accassat, Sandrine; Robert-Ebadi, Helia; Carrier, Marc; Le Gal, Gregoire; Mermilllod, Bernadette; Laroche, Jean-Pierre; Bounameaux, Henri; Perrier, Arnaud; Kahn, Susan R.; Quere, Isabelle",LANCET HAEMATOLOGY,2016,y,title,not cacti,,,
65,"Floral visitation by the Argentine ant reduces pollinator visitation and seed set in the coast barrel cactus, Ferocactus viridescens","LeVan, Katherine E.; Hung, Keng-Lou James; McCann, Kyle R.; Ludka, John T.; Holway, David A.",OECOLOGIA,2014,y,full text,does not report values of interest,,,
66,Clinical and cost effectiveness of computer treatment for aphasia post stroke (Big CACTUS): study protocol for a randomised controlled trial,"Palmer, Rebecca; Cooper, Cindy; Enderby, Pam; Brady, Marian; Julious, Steven; Bowen, Audrey; Latimer, Nicholas",Trials,2015,y,title,not cacti,,,
67,Effect of vitamin E supplementation on HDL function by haptoglobin genotype in type 1 diabetes: results from the HapE randomized crossover pilot trial,"Costacou, Tina; Levy, Andrew P.; Miller, Rachel G.; Snell-Bergeon, Janet; Asleh, Rabea; Farbstein, Dan; Fickley, Catherine E.; Pambianco, Georgia; de la Vega, Rona; Evans, Rhobert W.; Orchard, Trevor J.",ACTA DIABETOLOGICA,2016,y,title,not cacti,,,
68,"Resource quality affects weapon and testis size and the ability of these traits to respond to selection in the leaf-footed cactus bug, Narnia femorata","Sasson, Daniel A.; Munoz, Patricio R.; Gezan, Salvador A.; Miller, Christine W.",ECOLOGY AND EVOLUTION,2016,y,title,not cacti,,,
69,"An integrative approach to understanding the evolution and diversity of Copiapoa (Cactaceae), a threatened endemic Chilean genus from the Atacama Desert","Larridon, Isabel; Walter, Helmut E.; Guerrero, Pablo C.; Duarte, Milen; Cisternas, Mauricio A.; Pena Hernandez, Carol; Bauters, Kenneth; Asselman, Pieter; Goetghebeur, Paul; Samain, Marie-Stephanie",AMERICAN JOURNAL OF BOTANY,2015,y,title,not allocation,,,
70,Stem tilting in the inter-tropical cactus Echinocactus platyacanthus: an adaptive solution to the trade-off between radiation acquisition and temperature control,"Herce, M. F.; Martorell, C.; Alonso-Fernandez, C.; Boullosa, L. F. V. V.; Meave, J. A.",PLANT BIOLOGY,2014,y,title,not allocation,,,
71,Chemical and Physical Defense Traits in Two Sexual Forms of Opuntia robusta in Central Eastern Mexico,"Krzysztof Janczur, Mariusz; Leon Solano, Hector Javier; Solache Ramos, Lupita Tzenyatze; Mendoza Reyes, Citlalli Hypatia; Oro Cerro, Maria del Carmen; Mariezcurrena Berasain, Maria Dolores; Rivas Manzano, Irma Victoria; Manjarrez, Javier; Villareal Benitez, Jose Luis; Czarnoleski, Marcin",PLOS ONE,2014,y,full text,not fruit,,,
72,Using spatially-explicit population models to evaluate habitat restoration plans for the San Diego cactus wren (Campylorhynchus brunneicapillus sandiegensis),"Conlisk, Erin; Motheral, Sara; Chung, Rosa; Wisinski, Colleen; Endress, Bryan",BIOLOGICAL CONSERVATION,2014,y,title,not cacti,,,
73,Modeling of the Dorsal Gradient across Species Reveals Interaction between Embryo Morphology and Toll Signaling Pathway during Evolution,"Ambrosi, Priscilla; Chahda, Juan Sebastian; Koslen, Hannah R.; Chiel, Hillel J.; Mizutani, Claudia Mieko",PLOS COMPUTATIONAL BIOLOGY,2014,y,title,not fruit,,,
74,Seed germination and seedling growth of the geophytic Pterocactus tuberosus (Cactaceae),"Kin, Alicia G.; Mazzola, Monica B.; Cenizo, Viviana J.",JOURNAL OF THE TORREY BOTANICAL SOCIETY,2015,y,title,not allocation,,,
75,A multi-objective optimization approach for invasive species control,"Bueyuektahtakin, I. Esra; Feng, Zhuo; Szidarovszky, Ferenc",JOURNAL OF THE OPERATIONAL RESEARCH SOCIETY,2014,y,title,not cacti,,,
76,Tracking Nutrient Routing in Avian Consumers in a Subtropical Desert,"Gerardo Herrera, L. M.; Jazmin Osorio, M.",BIOTROPICA,2016,y,title,not allocation,,,
77,Cache Hierarchy Optimization,"Yavits, Leonid; Morad, Amir; Ginosar, Ran",IEEE COMPUTER ARCHITECTURE LETTERS,2014,y,title,not cacti,,,
78,Dry matter accumulation and seasonal partitioning in mature Opuntia ficus-indica (L.) Mill. fruiting trees,"Liguori, Giorgia; Inglese, Paolo; Sortino, Giuseppe; Inglese, Guglielmo",ITALIAN JOURNAL OF AGRONOMY,2014,y,full text,does not compare across seed or fruit metrics,,,
79,Ecological significance of determinate primary root growth: inter- and intraspecific differences in two species of Gymnocalycium (Cactaceae) along elevation gradients,"Martino, P. A.; Bauk, K.; Ferrero, M. C.; Gurvich, D. E.; Las Penas, M. L.",FLORA,2018,y,full text,does not compare across seed or fruit metrics,,,
80,Good neighbors make good defenses: associational refuges reduce defense investment in African savanna plants,"Coverdale, Tyler C.; Goheen, Jacob R.; Palmer, Todd M.; Pringle, Robert M.",ECOLOGY,2018,y,title,not cacti,,,
81,Algorithm to find a maximum 2-packing set in a cactus,"Flores-Lamas, Alejandro; Alberto Fernandez-Zepeda, Jose; Antonio Trejo-Sanchez, Joel",THEORETICAL COMPUTER SCIENCE,2018,y,abstract,not fruit,,,
82,Comparison of hip function and quality of life of total hip arthroplasty and resurfacing arthroplasty in the treatment of young patients with arthritis of the hip joint at 5 years,"Costa, Matthew L.; Achten, Juul; Foguet, Pedro; Parsons, Nicholas R.",BMJ OPEN,2018,y,title,not cacti,,,
83,Evolution of aquiferous pith and fistulae in Merianthera burlemarxii suggests a rare case of xerophytism in Melastomataceae,"Ziemmer, Juliana K.; Goldenberg, Renato; Amano, Erika",BOTANICAL JOURNAL OF THE LINNEAN SOCIETY,2017,y,title,not cacti,,,
84,Design of a Register Cache System with an Open Source Process Design Kit for 45nm Technology,"Yamada, Junji; Jimbo, Ushio; Shioya, Ryota; Goshima, Masahiro; Sakai, Shuichi",IEICE TRANSACTIONS ON ELECTRONICS,2017,y,title,not cacti,,,
85,Allocation of endogenous nutrients for reproduction in the lesser long-nosed bat (Leptonycteris yerbabuenae) in central Mexico,"Ramirez Hernandez, Gustavo; Herrera M, L. Gerardo",JOURNAL OF MAMMALOGY,2016,y,title,not cacti,,,
86,"Forage cactus associated with different fiber sources for lactating Sindhi cows: intake, digestibility and microbial protein production","Soares Saraiva, Carla Aparecida; Neto, Severino Gonzaga; Soares Queiroz, Maria Fernanda; Henriques, Lara Toledo; Saraiva, Edilson Paes; de Freitas Albuquerque, Romulo Pontes; Carvalho Fonseca, Vinicius de Franca; do Nascimento, George Vieira",REVISTA BRASILEIRA DE ZOOTECNIA-BRAZILIAN JOURNAL OF ANIMAL SCIENCE,2014,y,title,not allocation,,,
87,What drives masting? The phenological synchrony hypothesis,"Koenig, Walter D.; Knops, Johannes M. H.; Carmen, William J.; Pearse, Ian S.",ECOLOGY,2015,y,title,not cacti,,,
88,Tree size and fecundity influence ballistic seed dispersal of two dominant mast-fruiting species in a tropical rain forest,"Norghauer, Julian M.; Newbery, David M.",FOREST ECOLOGY AND MANAGEMENT,2015,y,title,not allocation,,,
89,Climatic Drivers of Mast Fruiting in European Beech and Resulting C and N Allocation Shifts,"Mueller-Haubold, Hilmar; Hertel, Dietrich; Leuschner, Christoph",ECOSYSTEMS,2015,y,title,not cacti,,,
90,Evolutionary and Ecological Consequences of Multiscale Variation in Pollen Receipt for Seed Production,"Schreiber, Sebastian J.; Rosenheim, Jay A.; Williams, Neal W.; Harder, Lawrence D.",AMERICAN NATURALIST,2015,y,abstract,not free,could not download for free,,
91,Crop yield components - photoassimilate supply- or utilisation limited-organ development?,"Patrick, John W.; Colyvas, Kim",FUNCTIONAL PLANT BIOLOGY,2014,y,abstract,not cacti,,,
92,Resource- and pollinator-mediated selection on floral traits,"Sletvold, Nina; Tye, Matthew; Agren, Jon",FUNCTIONAL ECOLOGY,2017,y,title,not fruit,,,
93,Scaling relationships among twig components are affected by sex in the dioecious tree Populus cathayana,"Yang, Yanxia; He, Xinhua; Xu, Xiao; Yang, Dongmei",TREES-STRUCTURE AND FUNCTION,2015,y,title,not cacti,,,
94,TRADE-OFFS AND ONTOGENETIC CHANGES IN RESISTANCE AND TOLERANCE TO INSECT HERBIVORY IN ARABIDOPSIS,"Hoque, Shamsul; Avila-Sakar, German",INTERNATIONAL JOURNAL OF PLANT SCIENCES,2015,y,title,not allocation,,,
95,Female reproductive success in gynodioecious Thymus vulgaris: pollen versus nutrient limitation and pollinator foraging behaviour,"Arnan, Xavier; Escola, Anna; Rodrigo, Anselm; Bosch, Jordi",BOTANICAL JOURNAL OF THE LINNEAN SOCIETY,2014,y,title,not cacti,,,
96,Fruiting Strategies of Perennial Plants: A Resource Budget Model to Couple Mast Seeding to Pollination Efficiency and Resource Allocation Strategies,"Venner, Samuel; Siberchicot, Aurelie; Pelisson, Pierre-Francois; Schermer, Eliane; Bel-Venner, Marie-Claude; Nicolas, Manuel; Debias, Francois; Miele, Vincent; Sauzet, Sandrine; Boulanger, Vincent; Delzon, Sylvain",AMERICAN NATURALIST,2016,y,abstract,not cacti,,,
97,Does multiple paternity affect seed mass in angiosperms? An experimental test in Dalechampia scandens,"Pelabon, C.; Albertsen, E.; Falahati-Anbaran, M.; Wright, J.; Armbruster, W. S.",JOURNAL OF EVOLUTIONARY BIOLOGY,2015,y,abstract,not cacti,,,
98,Effects of experimental early canopy closure on the growth and reproduction of spring ephemeral Erythronium japonicum in a montane deciduous forest,"Kim, Hyun Jung; Jung, Jong Bin; Jang, You Lim; Sung, Joo Han; Park, Pil Sun",JOURNAL OF PLANT BIOLOGY,2015,y,title,not cacti,,,
99,Complementary fruiting phenologies facilitate sharing of one pollinator fig wasp by two fig trees,"Liu, Gui-Xiang; Yang, Da-Rong; Peng, Yan-Qiong; Compton, Stephen G.",JOURNAL OF PLANT ECOLOGY,2015,y,title,not cacti,,,
100,Indirect costs counteract the effects of pollinator-mediated phenotypic selection on corolla size in the Mediterranean shrub Halimium atriplicifolium,"Teixido, Alberto L.",JOURNAL OF PLANT ECOLOGY,2014,y,title,not cacti,,,
101,Effects of pollination limitation and seed predation on female reproductive success of a deceptive orchid,"Walsh, Ryan P.; Arnold, Paige M.; Michaels, Helen J.",AOB PLANTS,2014,y,title,not cacti,,,
102,"The role of nutrients, productivity and climate in determining tree fruit production in European forests","Fernandez-Martinez, Marcos; Vicca, Sara; Janssens, Ivan A.; Maria Espelta, Josep; Penuelas, Josep",NEW PHYTOLOGIST,2017,y,title,not cacti,,,
103,"Disentangling plasticity of serotiny, a key adaptive trait in a Mediterranean conifer","Martin-Sanz, Ruth C.; Santos-del-Blanco, Luis; Notivol, Eduardo; Regina Chambel, M.; San-Martin, Roberto; Climent, Jose",AMERICAN JOURNAL OF BOTANY,2016,y,title,not cacti,,,
104,"Flowering schedule in a perennial plant; life-history trade-offs, seed predation, and total offspring fitness","Ehrlen, Johan; Raabova, Jana; Dahlgren, Johan P.",ECOLOGY,2015,y,abstract,not cacti,,,
105,The consequences of demand-driven seed provisioning for sexual differences in reproductive investment in Thalictrum occidentale (Ranunculaceae),"Ida, Takashi Y.; Harder, Lawrence D.; Kudo, Gaku",JOURNAL OF ECOLOGY,2015,y,title,not cacti,,,
106,The size at reproduction of canopy tree species in central Africa,"Ouedraogo, Dakis-Yaoba; Doucet, Jean-Louis; Dainou, Kasso; Baya, Fidele; Biwole, Achille Bernard; Bourland, Nils; Feteke, Fousseni; Gillet, Jean-Francois; Kouadio, Yao Lambert; Fayolle, Adeline",BIOTROPICA,2018,y,title,not cacti,,,
107,Seedling performance covaries with dormancy thresholds: maintaining cryptic seed heteromorphism in a fire-prone system,"Liyanage, Ganesha S.; Ayre, David J.; Ooi, Mark K. J.",ECOLOGY,2016,y,abstract,not cacti,,,
108,Reproductive strategy of Copaifera langsdorffii (Fabaceae): more seeds or better seeds?,"Souza, Matheus Lopes; Solar, Ricardo Ribeiro; Fagundes, Marcilio",REVISTA DE BIOLOGIA TROPICAL,2015,y,title,not cacti,,,
109,"The influence of light habitat on the physiology, biomass allocation, and fecundity of the invasive shrub Amur honeysuckle (Lonicera maackii, Caprifoliaceae)","Lieurance, Deah; Landsbergen, Kim",JOURNAL OF THE TORREY BOTANICAL SOCIETY,2016,y,title,not cacti,,,
110,Alterations in flowering strategies and sexual allocation of Caragana stenophylla along a climatic aridity gradient,"Xie, Lina; Guo, Hongyu; Ma, Chengcang",SCIENTIFIC REPORTS,2016,y,title,not cacti,,,
111,"Bird pollinators, seed storage and cockatoo granivores explain large woody fruits as best seed defense in Hakea","Lamont, Byron B.; Hanley, Mick E.; Groom, Philip K.; He, Tianhua",PERSPECTIVES IN PLANT ECOLOGY EVOLUTION AND SYSTEMATICS,2016,y,title,not allocation,,,
112,Site-specific reproductive performance of an invasive fleshy-fruited tree in remnant grasslands of the Argentinean Pampas,"Zalba, S. M.; Amodeo, M. R.",WEED RESEARCH,2015,y,title,not cacti,,,
113,Sex-specific reproductive components and pollination ecology in the subdioecious shrub Fuchsia microphylla,"Cuevas, E.; Jimenez, R.; Lopezaraiza-Mikel, M.",PLANT BIOLOGY,2014,y,title,not cacti,,,
114,CHANGING REPRODUCTIVE EFFORT WITHIN A SEMELPAROUS REPRODUCTIVE EPISODE,"Hughes, P. William; Simons, Andrew M.",AMERICAN JOURNAL OF BOTANY,2014,y,abstract,not cacti,,,
115,Relative resource allocation to dispersal and competition demonstrates the putative role of hybridity in geographical parthenogenesis,"Coughlan, Jennifer M.; Stefanovic, Sasa; Dickinson, Timothy A.",JOURNAL OF BIOGEOGRAPHY,2014,y,abstract,not cacti,,,
116,Egg and time limitation mediate an egg protection strategy,"Deas, J. B.; Hunter, M. S.",JOURNAL OF EVOLUTIONARY BIOLOGY,2014,y,title,not cacti,,,
117,THE TRADE-OFF AND ALTITUDINAL VARIATIONS IN SEED WEIGHT-NUMBER IN SINOPODOPHYLLUM HEXANDRUM (ROYLE) YING (BERBERIDACEAE) POPULATIONS FROM THE HENGDUAN MOUNTAINS,"Meng, Li-Hua; Wang, Yun; Luo, Jian; Yang, Yong-Ping; Duan, Yuan-Wen",POLISH JOURNAL OF ECOLOGY,2014,y,title,not cacti,,,
118,Floral biology and pollination mechanisms of four Mexico-endemic Fuchsia species with contrasting reproductive systems,"Gonzalez, Clementina; Alvarez-Banos, Anai; Cuevas, Eduardo",JOURNAL OF PLANT ECOLOGY,2018,y,title,not cacti,,,
119,Pre-dispersal predation effect on seed packaging strategies and seed viability,"DeSoto, Lucia; Tutor, David; Torices, Ruben; Rodriguez-Echeverria, Susana; Nabais, Cristina",OECOLOGIA,2016,y,abstract,not cacti,,,
120,"REPRODUCTIVE SUCCESS OF THE GYNODIOECIOUS LOBELIA SPICATA LAM. (CAMPANULACEAE): FEMALE FREQUENCY, POPULATION DEMOGRAPHICS, AND LATITUDINAL PATTERNS","Ruffatto, Danielle M.; Zaya, David N.; Molano-Flores, Brenda",INTERNATIONAL JOURNAL OF PLANT SCIENCES,2015,y,title,not cacti,,,
121,"Variation in reproductive modes and population genetic structures of a monocarpic perennial herb, Cardiocrinum cordatum, in relation to habitat fragmentation","Narumi, Tadashi; Ohara, Masashi",PLANT SPECIES BIOLOGY,2018,y,title,not cacti,,,
122,"Restricted female function of hermaphrodites in a gynodioecious shrub, Daphne jezoensis (Thymelaeaceae)","Shibata, Akari; Kameyama, Yoshiaki; Kudo, Gaku",JOURNAL OF PLANT RESEARCH,2018,y,title,not cacti,,,
123,Allocation to clonal and sexual reproduction and its plasticity in Vallisneria spinulosa along a water-depth gradient,"Li, Lei; Lan, Zhichun; Chen, Jiakuan; Song, Zhiping",ECOSPHERE,2018,y,title,not cacti,,,
124,Limiting the cost of mutualism: the defensive role of elongated gynophore in the leafflower-moth mutualism,"Furukawa, Saori; Kawakita, Atsushi",OECOLOGIA,2017,y,title,not cacti,,,
125,"The effects of local variation in light availability on pollinator visitation, pollen and resource limitation of female reproduction in Hosta ventricosa","Cao, Guo-Xing; Wu, Bi-Xian; Xu, Xu-Jian; Wang, Xie; Yang, Chun-Ping",BOTANICAL STUDIES,2017,y,title,not cacti,,,
126,"Pollen limitation, plasticity in floral traits, and mixed mating system in an alpine plant Pedicularis siphonantha (Orobanchaceae) from different altitudes","Dai, Wen-Kui; Kadiori, Edwin Luguba; Wang, Qing-Feng; Yang, Chun-Feng",JOURNAL OF SYSTEMATICS AND EVOLUTION,2017,y,title,not cacti,,,
127,Leafing intensity and the fruit size/number trade-off in woody angiosperms,"Dombroskie, Sarah L.; Tracey, Amanda J.; Aarssen, Lonnie W.",JOURNAL OF ECOLOGY,2016,y,full text,not cacti,valuable for broad concepts,,
128,"Chemotaxonomic perspectives of the Paracaryum (Cynoglosseae, Boraginaceae) taxa based on fruit fatty acid","Dogru-Koca, Asli; Ozcan, Tamer; Yildirimli, Sinasi",PHYTOCHEMISTRY,2016,y,title,not cacti,,,
129,"Effect of rosette size, clonality and spatial distribution on the reproduction of Vriesea carinata (Bromeliaceae) in the Atlantic Forest of Parana, southern Brazil","de Souza Silva, Marcelo Aparecido; Varassin, Isabela Galarda",ACTA BOTANICA BRASILICA,2016,y,title,not cacti,,,
130,Snakes and forbidden fruits: non-consumptive effects of snakes on the behaviors of frugivorous birds,"Breviglieri, Crasso Paulo B.; Romero, Gustavo Q.",BEHAVIORAL ECOLOGY AND SOCIOBIOLOGY,2016,y,title,not cacti,,,
131,Differences in disturbance type and nutrient availability favour different functional traits across three co-occurring montane wetland systems in eastern Australia,"Hunter, John T.",AUSTRALIAN JOURNAL OF BOTANY,2016,y,title,not cacti,,,
132,The effect of phenological variation in sex expression on female reproductive success in Saxifraga granulata,"van der Meer, Sascha; Jacquemyn, Hans",AMERICAN JOURNAL OF BOTANY,2015,y,title,not cacti,,,
133,Priority of 5% Quince Seed Cream Versus 1% Phenytoin Cream in the Healing of Skin Ulcers: A Randomized Controlled Trial,"Omidian, Mohamad; Hemmati, Ali Asghar; Farajzade, Hamide; Houshmand, Gholamreza; Sattari, Alireza; Kouchak, Maryam",JUNDISHAPUR JOURNAL OF NATURAL PHARMACEUTICAL PRODUCTS,2015,y,title,not cacti,,,
134,Variation in Sex Allocation and Floral Morphology in an Expanding Distylous Plant Hybrid Complex,"Ward, Jennifer Rhode; Cowart, M. Leigh; Clifford, Julie; Camp, Mieko; Cruzan, Mitchell B.",INTERNATIONAL JOURNAL OF PLANT SCIENCES,2014,y,title,not cacti,,,
135,Adaptive decision making or differential mortality: what causes offspring emergence in a gregarious parasitoid?,"Koppik, Mareike; Thiel, Andra; Hoffmeister, Thomas S.",ENTOMOLOGIA EXPERIMENTALIS ET APPLICATA,2014,y,title,not cacti,,,
136,Variation of vegetative and reproductive traits in Cistus laurifolius: evidences of a response to contrasting habitat conditions,"D'Antraccoli, Marco; Roma-Marzio, Francesco; Astuti, Giovanni; Bedini, Gianni; Ciccarelli, Daniela; Peruzzi, Lorenzo; Carta, Angelino",FLORA,2018,y,title,not cacti,,,
137,Chronic leaf harvesting reduces reproductive success of a tropical dry forest palm in northern Mexico,"Lopez-Toledo, Leonel; Perez-Decelis, Angeles; Macedo-Santana, Franceli; Cuevas, Eduardo; Endress, Bryan A.",PLOS ONE,2018,y,title,not cacti,,,
138,A multi-level test of the seed number/size trade-off in two Scandinavian communities,"Lazaro, Amparo; Larrinaga, Asier R.",PLOS ONE,2018,y,title,not cacti,,,
139,Excessive flower production as an anti-predator strategy: when is random flower abortion favored?,"Ezoe, Hideo",POPULATION ECOLOGY,2018,y,title,not fruit,,,
140,A mosaic of phenotypic variation in giant ragweed (Ambrosia trifida): Local- and continental-scale patterns in a range-expanding agricultural weed,"Hovick, Stephen M.; McArdle, Andrea; Harrison, S. Kent; Regnier, Emilie E.",EVOLUTIONARY APPLICATIONS,2018,y,title,not cacti,,,
141,Presence of fruits decreases probability of retaining flowers in a sequentially flowering plant,"Jadeja, Shivani; Tenhumberg, Brigitte",AOB PLANTS,2018,y,abstract,not cacti,,,
142,Pollination and reproduction of an invasive plant inside and outside its ancestral range,"Petanidou, Theodora; Price, Mary V.; Bronstein, Judith L.; Kantsa, Aphrodite; Tscheulin, Thomas; Kariyat, Rupesh; Krigas, Nikos; Mescher, Mark C.; De Moraes, Consuelo M.; Waser, Nickolas M.",ACTA OECOLOGICA-INTERNATIONAL JOURNAL OF ECOLOGY,2018,y,title,not cacti,,,
143,The Domestication of the Amazon Tree Grape (Pourouma cecropiifolia) Under an Ecological Lens,"Pedrosa, Hermisia C.; Clement, Charles R.; Schietti, Juliana",FRONTIERS IN PLANT SCIENCE,2018,y,title,not cacti,,,
144,The enigma of sex allocation in Selaginella,"Petersen, Kurt B.; Burd, Martin",ANNALS OF BOTANY,2018,y,title,not cacti,,,
145,Functional trade-offs and the phylogenetic dispersion of seed traits in a biodiversity hotspot of the Mountains of Southwest China,"Chen, Kai; Burgess, Kevin S.; Yang, Xiang-Yun; Luo, Ya-Huang; Gao, Lian-Ming; Li, De-Zhu",ECOLOGY AND EVOLUTION,2018,y,abstract,not cacti,,,
146,Combined effects of seed and soil quality drive seedling performance of a late-successional canopy tree in a tropical forest,"Zambrano, Jenny; Howe, Henry F.; Gonzalez-Meler, Miquel",BIOTROPICA,2017,y,title,not cacti,,,
147,Tracing coco de mer's reproductive history: Pollen and nutrient limitations reduce fecundity,"Morgan, Emma J.; Kaiser-Bunbury, Christopher N.; Edwards, Peter J.; Fleischer-Dogley, Frauke; Kettle, Chris J.",ECOLOGY AND EVOLUTION,2017,y,title,not cacti,,,
148,Habitat Differences in Morphology and Reproductive Allocation in Guettarda scabra (Rubiaceae),"Koptur, Suzanne; Garcia, Diane",CASTANEA,2017,y,title,not cacti,,,
149,Cacao (Theobroma cacao L.) seedlings growth in different pot sizes,"Osorio G, Monica Andrea; Leiva R, Edna Ivonne; Ramirez P, Ramiro",REVISTA DE CIENCIAS AGRICOLAS,2017,y,title,not cacti,,,
150,Variation in seed packaging of a fleshy-fruited conifer provides insights into the ecology and evolution of multi-seeded fruits,"DeSoto, L.; Torices, R.; Rodriguez-Echeverria, S.; Nabais, C.",PLANT BIOLOGY,2017,y,title,not cacti,,,
151,Sex allocation in gynodioecious Cyananthus delavayi differs between gender morphs and soil quality,"Chen, Jianguo; Niu, Yang; Li, Zhimin; Yang, Yang; Sun, Hang",PLANT REPRODUCTION,2017,y,title,not cacti,,,
152,Female fruit production depends on female flower production and crown size rather than male density in a continuous population of a tropical dioecious tree (Virola surinamensis),"Riba-Hernandez, Pablo; Lobo Segura, Jorge; Munoz-Valverde, Jenny",AMERICAN JOURNAL OF BOTANY,2016,y,title,not cacti,,,
153,Sink strength manipulation in branches of a Mediterranean woody plant suggests sink-driven allocation of biomass in fruits but not of nutrients in seeds,"Catalan, Pablo; Delgado, Juan A.; Jimenez, Maria D.; Balaguer, Luis",ACTA PHYSIOLOGIAE PLANTARUM,2016,y,abstract,not cacti,,,
154,Characterization of seeds from a tropical evergreen forest of western Cuba. Ecological correlations among traits,"Montejo Valdes, Laura A.; Sanchez, Jorge A.; Munoz, Barbara C.; Gamboa, Alejandro",BOSQUE,2015,y,title,not cacti,,,
155,"Effects of maternal nutrient and water availability on seed production, size and germination of heterocarpic Atriplex aucheri","Wang, L.; Wang, H. L.; Zhang, K.; Tian, C. Y.",SEED SCIENCE AND TECHNOLOGY,2015,y,title,not cacti,,,
156,"Betalain Profile, Phenolic Content, and Color Characterization of Different Parts and Varieties of Opuntia ficus-indica","Jesus Cejudo-Bastante, Maria; Chaalal, Makhlouf; Louaileche, Hayette; Parrado, Juan; Heredia, Francisco J.",JOURNAL OF AGRICULTURAL AND FOOD CHEMISTRY,2014,y,abstract,not allocation,,,
157,"Dietary fiber, phytochemical composition and antioxidant activity of Mexican commercial varieties of cactus pear","Maria Jimenez-Aguilar, Dulce; Melissa Lopez-Martinez, Julieta; Hernandez-Brenes, Carmen; Alejandra Gutierrez-Uribe, Janet; Welti-Chanes, Jorge",JOURNAL OF FOOD COMPOSITION AND ANALYSIS,2015,y,title,not allocation,,,
158,Phenolic content and antioxidant activity of cactus (Opuntia ficus-indica L.) flowers are modified according to the extraction method,"Ammar, Imene; Ennouri, Monia; Attia, Hamadi",INDUSTRIAL CROPS AND PRODUCTS,2015,y,title,not fruit,,,
159,Pollination and seed dispersal of Melocactus ernestii Vaupel subsp ernestii (Cactaceae) by lizards: an example of double mutualism,"Gomes, V. G. N.; Quirino, Z. G. M.; Machado, I. C.",PLANT BIOLOGY,2014,y,title,not allocation,,,
160,Exploring xoconostle by-products as sources of bioactive compounds,"Morales, Patricia; Barros, Lillian; Ramirez-Moreno, Esther; Santos-Buelga, Celestino; Ferreira, Isabel C. F. R.",FOOD RESEARCH INTERNATIONAL,2014,y,title,not allocation,,,
161,Frugivory and seed dispersal by birds in Cereus jamacaru DC. ssp jamacaru (Cactaceae) in the Caatinga of Northeastern Brazil,"Gomes, V. G. N.; Quirino, Z. G. M.; Araujo, H. F. P.",BRAZILIAN JOURNAL OF BIOLOGY,2014,y,title,not allocation,,,
162,"Inter- and intra-specific variation in fruit biomass, number of seeds, and physical characteristics of seeds in Opuntia spp., Cactaceae","Lopez-Palacios, Cristian; Pena-Valdivia, Cecilia B.; Antonio Reyes-Agueero, J.; Rogelio Aguirre-Rivera, J.; Ramirez-Tobias, Hugo M.; Marcos Soto-Hernandez, Ramon; Francisco Jimenez-Bremont, Juan",GENETIC RESOURCES AND CROP EVOLUTION,2015,y,full text,does not report values of interest,does report p-values,,
163,Cacti supply limited nutrients to a desert rodent community,"Orr, Teri J.; Newsome, Seth D.; Wolf, Blair O.",OECOLOGIA,2015,y,abstract,not allocation,,,
164,Anticancer Properties of Extracts from Opuntia humifusa Against Human Cervical Carcinoma Cells,"Hahm, Sahng-Wook; Park, Jieun; Oh, Se-Yeong; Lee, Chul-Won; Park, Kun-Young; Kim, Hyunggee; Son, Yong-Suk",JOURNAL OF MEDICINAL FOOD,2015,y,title,not allocation,,,
165,Generalized pollination system: Are floral traits adapted to different pollinators?,"Lemaitre, Andrea B.; Pinto, Carlos F.; Niemeyer, Hermann M.",ARTHROPOD-PLANT INTERACTIONS,2014,y,title,not fruit,,,
166,Asynchronous ripening behavior of cactus pear (Opuntia ficus-indica) cultivars with respect to physicochemical and physiological attributes,"Kyriacou, M. C.; Emmanouilidou, M. G.; Soteriou, G. A.",FOOD CHEMISTRY,2016,n,,,include,,
167,Cactus (Opuntia humifusa) water extract ameliorates loperamide-induced constipation in rats,"Han, Sung Hee; Park, Kyungmi; Kim, Eun Young; Ahn, So Hyun; Lee, Hyun-Sun; Suh, Hyung Joo",BMC COMPLEMENTARY AND ALTERNATIVE MEDICINE,2017,y,title,not allocation,,,
168,Genetic diversity and structure of populations in Pilosocereus gounellei (FACWeber ex K.Schum.) (Cactaceae) in the Caatinga biome as revealed by heterologous microsatellite primers,"Monteiro, Eliane Rodrigues; Mangolin, Claudete Aparecida; das Neves, Andrea Florindo; Orasmo, Gleice Ribeiro; Medeiros da Silva, Jose Geraldo; Pires da Silva Machado, Maria de Fatima",BIOCHEMICAL SYSTEMATICS AND ECOLOGY,2015,y,title,not allocation,,,
169,Fractionation and electrophoretic patterns of seed protein of Opuntia genus. A preliminary survey as a tool for accession differentiation and taxonomy,"Samah, Samir; Ventura-Zapata, Elsa; Valadez-Moctezuma, Ernestina",BIOCHEMICAL SYSTEMATICS AND ECOLOGY,2015,y,title,not allocation,,,
170,"STORAGE AND SEEDS GERMINATION STENOCEREUS THURBERI, A CACTUS WITH OPTIONAL VIVIPARITY","Bersain Perez-Gonzalez, Santos; Reyes-Olivas, Alvaro; Garcia-Moya, Edmundo; Romero-Manzanares, Angelica; Rodolfo Garcia-Nava, Jose; Lugo-Garcia, Gabriel A.; Sanchez-Soto, Bardo",BOTANICAL SCIENCES,2015,y,abstract,not allocation,,,
171,Quality attributes of cactus pear fruit and their role in consumer choice The case of Italian consumers,"Migliore, Giuseppina; Galati, Antonino; Romeo, Pietro; Crescimanno, Maria; Schifani, Giorgio",BRITISH FOOD JOURNAL,2015,y,title,not allocation,,,
172,Development of plasticized edible films from Opuntia ficus-indica mucilage: A comparative study of various polyol plasticizers,"Gheribi, Rim; Puchot, Laura; Verge, Pierre; Jaoued-Grayaa, Najeh; Mezni, Mohamed; Habibi, Youssef; Khwaldia, Khaoula",CARBOHYDRATE POLYMERS,2018,y,title,not allocation,,,
173,Sicilian Opuntia ficus-indica seed oil: Fatty acid composition and bio-economical aspects,"Ciriminna, Rosaria; Bongiorno, David; Scurria, Antonino; Danzi, Carmelo; Timpanaro, Giuseppe; Delisi, Riccardo; Avellone, Giuseppe; Pagliaro, Mario",EUROPEAN JOURNAL OF LIPID SCIENCE AND TECHNOLOGY,2017,y,title,not allocation,,,
174,QUALITY ASSESSMENT OF SEED OIL FROM SELECTED CACTUS PEAR CULTIVARS (OPUNTIA FICUS-INDICA AND OPUNTIA ROBUSTA),"De Wit, Maryna; Hugo, Arno; Shongwe, Nokuthula",JOURNAL OF FOOD PROCESSING AND PRESERVATION,2017,y,title,not allocation,,,
175,Pollination biology of Echinopsis leucantha (Cactaceae): passerine birds and exotic bees as effective pollinators,"Gorostiague, Pablo; Ortega-Baes, Pablo",BOTANY,2017,y,title,not allocation,,,
176,Lignans from Opuntia ficus-indica seeds protect rat primary hepatocytes and HepG2 cells against ethanol-induced oxidative stress,"Kim, Jung Wha; Yang, Heejung; Kim, Hyeon Woo; Kim, Hong Pyo; Sung, Sang Hyun",BIOSCIENCE BIOTECHNOLOGY AND BIOCHEMISTRY,2017,y,title,not allocation,,,
177,Population Genetic Structure of a Widespread Bat-Pollinated Columnar Cactus,"Bustamante, Enriquena; Burquez, Alberto; Scheinvar, Enrique; Enrique Eguiarte, Luis",PLOS ONE,2016,y,title,not allocation,,,
178,"The role of mucilage in the germination of Leptocereus scopulophilus (Cactaceae) seeds from Pan de Matanzas, Cuba","Barrios, Duniel; Flores, Joel; Gonzalez-Torres, Luis R.; Palmarola, Alejandro",BOTANY,2015,y,title,not allocation,,,
179,Physicochemical variability and nutritional and functional characteristics of xoconostles (Opuntia spp.) accessions from Mexico,"Hernandez-Fuentes, Alma D.; Trapala-Islas, Angelica; Gallegos-Vasquez, Clemente; Campos-Montiel, Rafael G.; Pinedo-Espinoza, Jose M.; Guzman-Maldonado, Salvador H.",Fruits,2015,y,abstract,not allocation,,,
180,"Genetic diversity and structure of wild and managed populations of Polaskia chende (Cactaceae) in the Tehuacan-Cuicatlan Valley, Central Mexico: insights from SSR and allozyme markers","Contreras-Negrete, Gonzalo; Eva Ruiz-Duran, M.; Cabrera-Toledo, Danae; Casas, Alejandro; Vargas, Ofelia; Parra, Fabiola",GENETIC RESOURCES AND CROP EVOLUTION,2015,y,title,not fruit,,,
181,Identification and expression analysis of ethylene biosynthesis and signaling genes provides insights into the early and late coffee cultivars ripening pathway,"Sagio, Solange A.; Barreto, Horllys G.; Lima, Andre A.; Moreira, Rafael O.; Rezende, Pamela M.; Paiva, Luciano V.; Chalfun-Junior, Antonio",PLANTA,2014,y,title,not cacti,,,
182,EMBRYOLOGY AND SEED DEVELOPMENT IN PERESKIA LYCHNIDIFLORA (CACTACEAE),"Jimenez-Duran, Karina; Arias-Montes, Salvador; Cortes-Palomec, Aurea; Marquez-Guzman, Judith",HASELTONIA,2014,y,full text,does not compare across seed or fruit metrics,,,
183,Opuntia ficus-indica seed oil: Biorefinery and bioeconomy aspects,"Ciriminna, Rosaria; Delisi, Riccardo; Albanese, Lorenzo; Meneguzzo, Francesco; Pagliaro, Mario",EUROPEAN JOURNAL OF LIPID SCIENCE AND TECHNOLOGY,2017,y,title,not allocation,,,
184,"Seed removal by lizards and effect of gut passage on germination in a columnar cactus of the Caatinga, a tropical dry forest in Brazil","Gomes, V. G. N.; Meiado, M. V.; Quirino, Z. G. M.; Machado, I. C.",JOURNAL OF ARID ENVIRONMENTS,2016,y,title,not allocation,,,
185,Baseline study of morphometric traits of wild Capsicum annuum growing near two biosphere reserves in the Peninsula of Baja California for future conservation management,"Murillo-Amador, Bernardo; Omar Rueda-Puente, Edgar; Troyo-Dieguez, Enrique; Victor Cordoba-Matson, Miguel; Guillermo Hernandez-Montiel, Luis; Nieto-Garibay, Alejandra",BMC PLANT BIOLOGY,2015,y,title,not fruit,,,
186,"A new species of the genus Opuntia (Cactaceae) for the state of Veracruz, Mexico","Scheinvar, Leia; Olalde-Parra, Gabrel; Gallegos-Vazquez, Clemente",BOTANICAL SCIENCES,2015,y,title,not fruit,,,
187,Embryology of Mammillaria dioica (Cactaceae) reveals a new male sterility phenotype,"Sanchez, Daniel; Vazquez-Santana, Sonia",FLORA,2018,y,title,not allocation,,,
188,South African Cactus Pear Seed Oil: A Comprehensive Study on 42 Spineless Burbank Opuntia ficus-indica and Opuntia robusta Cultivars,"de Wit, Maryna; Hugo, Arno; Shongwe, Nokuthula",EUROPEAN JOURNAL OF LIPID SCIENCE AND TECHNOLOGY,2018,y,title,not allocation,,,
189,Reverse Effect of Opuntia ficus-indica L. Juice and Seeds Aqueous Extract on Gastric Emptying and Small-Bowel Motility in Rat,"Rtibi, Kais; Selmi, Slimen; Saidani, Khouloud; Grami, Dhekra; Amri, Mohamed; Sebai, Hichem; Marzouki, Lamjed",JOURNAL OF FOOD SCIENCE,2018,y,title,not allocation,,,
190,"Advantages of vivipary in Echinocactus platyacanthus, an endemic and protected Mexican cactus species","Luis Aragon-Gastelum, Jose; Flores, Joel; Yanez-Espinosa, Laura; Reyes-Olivas, Alvaro; Pablo Rodas-Ortiz, Juan; Robles-Diaz, Erika; Javier Gonzalez, Francisco",JOURNAL OF ARID ENVIRONMENTS,2017,y,abstract,not allocation,,,
191,Seed removal in a tropical North American desert: an evaluation of pre- and post-dispersal seed removal in Stenocereus stellatus,"Alvarez-Espino, R.; Rios-Casanova, L.; Godinez-Alvarez, H.",PLANT BIOLOGY,2017,y,abstract,not allocation,,,
192,Optimization of Ultrasound Extraction of Cactus Pear (Opuntia ficus indica) Seed Oil Based on Antioxidant Activity and Evaluation of Its Antimicrobial Activity,"de los Angeles Ortega-Ortega, Maria; del Socorro Cruz-Cansino, Nelly; Alanis-Garcia, Ernesto; Delgado-Olivares, Luis; Alberto Ariza-Ortega, Jose; Ramirez-Moreno, Esther; de Jesus Manriquez-Torres, Jose",JOURNAL OF FOOD QUALITY,2017,y,title,not allocation,,,
193,Antioxidant and Antimicrobial Properties of Cactus Pear (Opuntia) Seed Oils,"Ramirez-Moreno, Esther; Carino-Cortes, Raquel; del Socorro Cruz-Cansino, Nelly; Delgado-Olivares, Luis; Alberto Ariza-Ortega, Jose; Yelina Montanez-Izquierdo, Vanessa; Manuela Hernandez-Herrero, Maria; Filardo-Kerstupp, Tomas",JOURNAL OF FOOD QUALITY,2017,y,title,not allocation,,,
194,Physical characterization of Rhipsalis (Cactaceae) fruits and seeds germination in different temperatures and light regimes,"Lone, A. B.; Colombo, R. C.; Andrade, B. L. G.; Takahashi, L. S. A.; Faria, R. T.",BRAZILIAN JOURNAL OF BIOLOGY,2016,y,abstract,not allocation,,,
195,Changes in physical and chemical properties of Opuntia dillenii fruits during the growing stages,"Gaballah, Amal A.; Embaby, Hassan El-Sayed; Hamed, Yahya S.; El-Samahy, Salah K.",JOURNAL OF THE PROFESSIONAL ASSOCIATION FOR CACTUS DEVELOPMENT,2016,y,full text,does not report values of interest,,,
196,Establishment of callus and cell suspensions of wild and domesticated Opuntia species: study on their potential as a source of metabolite production,"Robles-Martinez, Marissa; Paulina Barba-de la Rosa, Ana; Gueraud, Francoise; Negre-Salvayre, Anne; Rossignol, Michel; del Socorro Santos-Diaz, Maria",PLANT CELL TISSUE AND ORGAN CULTURE,2016,y,title,not fruit,,,
197,Minerals of cactus (Opuntia dillenii): cladode and,"Kalegowda, Pavithra; Haware, Devendra Jagannath; Rajarathnam, Somasundaram; Shashirekha, Mysore Nanjarajurs",CURRENT SCIENCE,2015,y,title,not fruit,,,
198,"Dietary fiber, mineral elements profile and macronutrients composition in different edible parts of Opuntia microdasys (Lehm.) Pfeiff and Opuntia macrorhiza (Engelm.)","Chandoura, Hassiba; Morales, Patricia; Barreira, Joao C. M.; Barros, Lillian; Fernandez-Ruiz, Virginia; Ferreira, Isabel C. F. R.; Achour, Lotfi",LWT-FOOD SCIENCE AND TECHNOLOGY,2015,y,title,not allocation,,,
199,"Opuntia leiascheinvariana, new species of Cactaceae from the state of Hidalgo, Mexico","Ramiro Martinez-Gonzalez, Cesar; Gallegos-Vazquez, Clemente; Luna-Vega, Isolda; Garcia-Sandoval, Ricardo",BOTANICAL SCIENCES,2015,y,title,not fruit,,,
200,EFFECTS OF SEED INGESTION BY THE LESSER LONG-NOSED BAT LEPTONYCTERIS YERBABUENAE ON THE GERMINATION OF THE GIANT CACTUS ISOLATOCEREUS DUMORTIERI,"Rojas-Martinez, Alberto E.; Pavon, Numa P.; Castillo, Juan P.",SOUTHWESTERN NATURALIST,2015,y,title,not allocation,,,
201,MANAGEMENT AND DOMESTICATION SYNDROMES OF CAPULIN (Prunus serotina Ehrh ssp capuli (Cav.) Mc Vaugh) IN COMMUNITIES OF THE STATE OF TLAXCALA,"Avendano-Gomez, Aide; Lira-Saade, Rafael; Madrigal-Calle, Beatriz; Garcia-Moya, Edmundo; Soto-Hernandez, Marcos; Romo de Vivar-Romo, Alfonso",AGROCIENCIA,2015,y,title,not fruit,,,
202,Physico-chemical and sensory evaluation of cactus pear (Opuntia ficus-indica L. Mill and Opuntia robusta Wendl) cladode flour in different baked products,"De Wit, M.; Bothma, C.; Hugo, A.; Sithole, T.; Absalom, C.; Van den Berg, C.",JOURNAL OF THE PROFESSIONAL ASSOCIATION FOR CACTUS DEVELOPMENT,2015,y,title,not allocation,,,
203,Effect of substrate and gibberellic acid (GA(3)) on seed germination in ten cultivars of Opuntia sps.,"Judith Ochoa, Maria; Maritza Gonzalez-Flores, Luz; Manuel Cruz-Rubio, Jose; Portillo, Liberato; Florencio Gomez-Leyva, Juan",JOURNAL OF THE PROFESSIONAL ASSOCIATION FOR CACTUS DEVELOPMENT,2015,y,title,not allocation,,,
204,"Use of columnar cacti in the Tehuacan Valley, Mexico: perspectives for sustainable management of non-timber forest products","Perez-Negron, Edgar; Davila, Patricia; Casas, Alejandro",JOURNAL OF ETHNOBIOLOGY AND ETHNOMEDICINE,2014,y,title,not fruit,,,
205,Cereus Peruvianus (KOUBO) NEW CACTUS FRUIT FOR THE WORLD,"Mizrahi, Yosef",REVISTA BRASILEIRA DE FRUTICULTURA,2014,y,title,not allocation,,,
206,Identification and role of Opuntia ficus indica constituents in the flocculation mechanism of colloidal solutions,"Bouaouine, Omar; Bourven, Isabelle; Khalil, Fouad; Bressollier, Philippe; Baudu, Michel",SEPARATION AND PURIFICATION TECHNOLOGY,2019,y,title,not fruit,,,
207,Will climate change cause spatial mismatch between plants and their pollinators? A test using Andean cactus species,"Gorostiague, Pablo; Sajama, Jesus; Ortega-Baes, Pablo",BIOLOGICAL CONSERVATION,2018,y,title,not fruit,,,
208,Frugivory and seed dispersal in the endemic cactus Eulychnia acida: extending the anachronism hypothesis to the Chilean Mediterranean ecosystem,"Cares, Rocio A.; Saez-Cordovez, Consuelo; Valiente-Banuet, Alfonso; Medel, Rodrigo; Botto-Mahan, Carezza",REVISTA CHILENA DE HISTORIA NATURAL,2018,y,title,not allocation,,,
209,A new species of Deamia (Cactaceae) from the Mesoamerican region,"Ceren, Gabriel; Angel Cruz, Miguel; Menjivar, Jenny; Arias, Salvador",PHYTOTAXA,2018,y,title,not fruit,,,
210,Pericarp development in fruit of epiphytic cacti: implications for fruit classification and macro-morphology in the Cactaceae,"Garcia de Almeida, Odair Jose; de Souza, Luiz Antonio; Sartori Paoli, Adelita Aparecida; Davis, Arthur R.; Cota-Sanchez, J. Hugo",BOTANY,2018,y,abstract,not allocation,,,
211,Influence of Rootstocks on Vegetative and Generative Characteristics of the Apple Cultivar 'Topaz' According to Organic Production Conditions in Eastern Austria,"Spornberger, Andreas; Schueller, Elisabeth; Videki, Edina; Vegvari, Gyorgy",ERWERBS-OBSTBAU,2018,y,title,not cacti,,,
212,The edible fruit species in Mexico,"Segura, S.; Fresnedo, J.; Mathuriau, C.; Lopez, J.; Andres, J.; Muratalla, A.",GENETIC RESOURCES AND CROP EVOLUTION,2018,y,title,not allocation,,,
213,"A distinctive new species of Thelocactus (Cactaceae) from Oaxaca, Mexico","Davis, Tristan J.; Hernandez, Hector M.; Starr, Greg D.; Gomez-Hinostrosa, Carlos",PHYTOTAXA,2018,y,title,not fruit,,,
214,Microsites of seed arrival: spatio-temporal variations in complex seed-disperser networks,"Garcia-Cervigon, Ana I.; Zywiec, Magdalena; Delibes, Miguel; Suarez-Esteban, Alberto; Perea, Ramon; Fedriani, Jose M.",OIKOS,2018,y,title,not allocation,,,
215,Opposing forces of seed dispersal and seed predation by mammals for an invasive cactus in central Kenya,"Dudenhoeffer, Megan; Hodge, Anne-Marie C.",AFRICAN JOURNAL OF ECOLOGY,2018,y,title,not allocation,,,
216,"Reproductive potential of Stenocereus queretaroensis (Cactaceae) of San Jose de Cosalima, Zacatecas","Solis-Marquez, Oliva; Ofelia Plascencia-Escalante, F.; Romero-Manzanares, Angelica; Antonio Cruz-Rodriguez, Juan; Angeles-Perez, Gregorio; Carlos Lopez-Acosta, Juan; Yanez-Jimenez, Petra",REVISTA MEXICANA DE BIODIVERSIDAD,2018,y,full text,not english,need english,,
217,"Functional Dioecy in Echinocereus: Ontogenetic Patterns, Programmed Cell Death, and Evolutionary Significance","Hernandez-Cruz, Rocio; Barron-Pacheco, Fatima; Sanchez, Daniel; Arias, Salvador; Vazquez-Santana, Sonia",INTERNATIONAL JOURNAL OF PLANT SCIENCES,2018,y,title,not fruit,,,
218,Attractiveness of Different Food Resources to Dung Beetles (Coleoptera: Scarabaeidae) of a Dry Tropical Area,"Salomo, R. P.; Maia, A. C. D.; Bezerra, B. M.; Iannuzzi, L.",NEOTROPICAL ENTOMOLOGY,2018,y,title,not cacti,,,
219,Homozygote Depression in Gamete-Derived Dragon-Fruit (Hylocereus) Lines,"Li, Daqing; Martinez, Maria F. Arroyave; Shaked, Ruth; Tel-Zur, Noemi",FRONTIERS IN PLANT SCIENCE,2018,y,title,not cacti,,,
220,"Characterization of endozoochorous dispersal of pitayo Stenocereus queretaroensis, in Autlan, Jalisco, Mexico","Garcia-Ruiz, Miriam; Ruan-Tejeda, Irma; Zuloaga-Aguilar, Martha S.; Iniguez-Davalos, Luis I.",ETHOLOGY ECOLOGY & EVOLUTION,2018,y,title,not allocation,,,
221,Antioxidative and Antiradical Activities of Bioactive Compounds of Extracts From Algerian Prickly Pear (Opuntia ficus-indica. L) Fruits,"Benattia, Farah Kenza; Arrar, Zoheir",CURRENT NUTRITION & FOOD SCIENCE,2018,y,title,not allocation,,,
222,INDUCTION OF PARTHENOCARPY IN Opuntia spp.,"Varela-Delgadillo, Oscar E.; Livera-Munoz, Manuel; Muratalla-Lua, Alfonso; Carrillo-Salazar, Jose A.",REVISTA FITOTECNIA MEXICANA,2018,y,abstract,not free,could not download,,
223,Functional dioecy in Gleditsia amorphoides (Fabaceae),"Carolina Cerino, Maria; Cesar Castro, Damian; Alicia Richard, Geraldina; de Lujan Exner, Eliana; Francisco Pensiero, Jose",AUSTRALIAN JOURNAL OF BOTANY,2018,y,title,not cacti,,,
224,Genetic diversity of Ziziphus lotus natural populations from Algeria based on fruit morphological markers,"Boussaid, Mohamed; Taibi, Khaled; Abderrahim, Leila Ait; Ennajah, Amel",ARID LAND RESEARCH AND MANAGEMENT,2018,y,title,not cacti,,,
225,Pollination and reproductive system of synchronopatric species of Cactaceae (Cactoideae) subject to interspecific flow of pollen: an example of ecological adaptation in the Brazilian Chaco,"Ferreira, B. H. S.; Gomes, A. C.; Souza, C. S.; Fabri, J. R.; Sigrist, M. R.",PLANT BIOLOGY,2018,y,full text,not allocation,,,
226,"Composition, use and bioactive properties of prickly pear (Opuntia ficus-indica L. Mill.) fruit and seeds","Ozcan, Mehmet Musa; Matthaeus, Bertrand",ZEITSCHRIFT FUR ARZNEI- & GEWURZPFLANZEN,2017,y,title,not allocation,,,
227,"Synchronous fruiting and common seed dispersers of two endemic columnar cacti in the Caatinga, a dry forest in Brazil","Nobrega Gomes, Vanessa Gabrielle; Meiado, Marcos Vinicius; Maciel Quirino, Zelma Glebya; Pereira de Araujo, Helder Farias; Machado, Isabel Cristina",PLANT ECOLOGY,2017,y,abstract,not allocation,,,
228,Phytochemical composition and antioxidant activity of Tunisian cactus pear (Opuntia ficus indica L.) flower,"Ouerghemmi, Ines; Harbeoui, Hela; Wannes, Wissem Aidi; Rebey, Iness Bettaieb; Hammami, Majdi; Marzouk, Brahim; Tounsi, Moufida Saidani",JOURNAL OF FOOD BIOCHEMISTRY,2017,y,title,not fruit,,,
229,"Reproductive biology of Ferocactus recurvus (Mill.) Borg subsp recurvus (Cactaceae) in the Tehuacan-Cuicatlan Valley, Mexico","Cordova-Acosta, E.; Zavala-Hurtado, J. A.; Golubov, J.; Casas, A.",PLANT BIOLOGY,2017,y,full text,not allocation,,,
230,"Pollination biology of Agave horrida (Agavaceae) in the Chichinautzin mountain range, in Central Mexico","Flores-Torres, Arnoldo; Galindo-Escamilla, Andrea",BOTANICAL SCIENCES,2017,y,title,not fruit,,,
231,Reproductive ecology of the threatened  star cactus Astrophytum ornatum ( Cactaceae): a strategy of continuous reproduction with low success,"Loraine Matias-Palafox, Maria; Leonor Jimenez-Sierra, Cecilia; Golubov, Jordan; Mandujano, Maria C.",BOTANICAL SCIENCES,2017,y,abstract,not allocation,,,
232,"Sexual Propagation of the Tunisian Spinescent Opuntia ficus-indica (L.) Mill., Morphogenetic Deployment and Polymorphism","Stambouli-Essassi, Sondes; Zakraoui, Mariem; Bouzid, Sadok; Harzallah-Skhiri, Fethia",NOTULAE BOTANICAE HORTI AGROBOTANICI CLUJ-NAPOCA,2017,y,full text,not allocation,,,
233,"DESCRIPTION OF THE FRUIT OF NOPALEA COCHENILLIFERA (L.) SALM-DYCK SOLD IN THE TRADITIONAL MARKET OF RIOVERDE, SAN LUIS POTOSI, MEXICO","Antonio Reyes-Aguero, Juan; Rogelio Aguirre-Rivera, Juan",HASELTONIA,2016,y,title,not allocation,,,
234,Diet and Pollinator Role of the Long-Snouted Bat Platalina genovensium in Lomas Ecosystem of Peru,"Maguina, Rossana; Amanzo, Jessica",TROPICAL CONSERVATION SCIENCE,2016,y,title,not fruit,,,
235,Occurrence and characterisation of calcium oxalate crystals in stems and fruits of Hylocereus costaricensis and Selenicereus megalanthus (Cactaceae: Hylocereeae),"Vinas, Maria; Jimenez, Victor M.",MICRON,2016,y,title,not cacti,,,
236,Nutritive and Anti-Nutritive Composition of Moroccan Opuntia ficus indica Cladodes and Fruits,"Toure, Hamadoun Abba; Bouatia, Mustapha; Alouani, Imane; Idrissi, Mohammed O. B.; Hmamouch, Mohammed, I; Draoui, Mustapha",RESEARCH JOURNAL OF PHARMACEUTICAL BIOLOGICAL AND CHEMICAL SCIENCES,2016,y,title,not allocation,,,
237,Myiarchus flycatchers are the primary seed dispersers of Bursera longipes in a Mexican dry forest,"Carlos Almazan-Nunez, R.; Eguiarte, Luis E.; del Coro Arizmendi, Maria; Corcuera, Pablo",PEERJ,2016,y,title,not allocation,,,
238,EFFECTS OF PLANT GROWTH REGULATORS ON SEED GERMINATION AND CALLUS INDUCTION OF HYLOCEREUS COSTARICENSIS,"Sheng, Winson Koe Wei; Sundarasekar, Jeevandran; Sathasivam, Kathiresan; Subramaniam, Sreeramanan",PAKISTAN JOURNAL OF BOTANY,2016,y,abstract,not allocation,,,
239,Differential allelopathy between genders of an invasive dioecious tree on desert plants,"Avendano-Gonzalez, Marcela; Badano, Ernesto I.; Ramirez-Albores, Jorge E.; Flores, Joel; Flores-Cano, Jorge A.",BOTANICAL SCIENCES,2016,y,title,not cacti,,,
240,Overview of Cactus (Opuntia Ficus-Indica (L): A Myriad of Alternatives,"Isaac, Agholor Azikiwe",STUDIES ON ETHNO-MEDICINE,2016,y,abstract,review,,,
241,ANALYSIS OF PHYSICAL AND CHEMICAL CHARACTERISTICS OF THE PULP OF Opuntia elatior Miller FRUIT,"Jhoany, Gallardo; Yanira, Teran; Yelitza, Mujica; Elimar, Rodriguez; Humberto, Barazarte; Deysi, Petit; Ramon, D'Aubeterre",AGROINDUSTRIA SOCIEDAD Y AMBIENTE ASA,2016,y,abstract,not allocation,,,
242,Floral traits and pollination system of Zygophyllum xanthoxylum in the managed and wild populations in an arid region of Northwest China,Chen Min; Zhao Xueyong; Zuo Xiao'an; Lian Jie; Zhu Yangchun,JOURNAL OF ARID LAND,2015,y,title,not fruit,,,
243,ARTIFICIAL POLLINATION AND FRUIT QUALITY IN RED PITAYA,"de Menezes, Thatiane Padilha; Ramos, Jose Darlan; Bruzi, Adriano Teodoro; Costa, Ana Claudia",BIOSCIENCE JOURNAL,2015,y,abstract,not free,could not download,,
244,EXPERIMENTAL EVIDENCE FOR REPRODUCTIVE ISOLATION BETWEEN ASTROPHYTUM COAHUILENSE (H. MOLLER) KAYSER AND A-CAPRICORNE VAR. SENILE (FRIC) OKUMURA (CACTACEAE),"Montanucci, Richard R.",HASELTONIA,2015,y,title,not cacti,,,
245,Tests for evaluating the physiological quality of pitaya seeds,"Ortiz, Thiago Alberto; Moritz, Aline; Assari Takahashi, Lucia Sadayo; Urbano, Mariana Ragassi",SEMINA-CIENCIAS AGRARIAS,2015,y,abstract,not allocation,,,
246,REPRODUCTIVE ABILITY AND POSIBILITIES OF RESTORATION OF THE GENUS PARODIA SPEG. (CACTACEAE JUSS.) IN GREENHOUSES CONDITIONS,"Baglay, Kateryna",MODERN PHYTOMORPHOLOGY,2015,y,title,not allocation,,,
247,"Opuntia gallegiana, a New Speices Producer of Xoconostle of Zacatecas, Mexico (Cactaceae)","Scheinvar, Leia; Olalde, Gabriel",NOVON,2014,y,title,not allocation,,,
248,"Opuntia tezontepecana, a New Species of Cactaceae of the State of Hidalgo, Mexico","Gallegos, Clemente; Scheinvar, Leia",NOVON,2014,y,title,not allocation,,,
249,Exceptional reduction of the plastid genome of saguaro cactus (Carnegiea gigantea): Loss of the ndh gene suite and inverted repeat,"Sanderson, Michael J.; Copetti, Dario; Burquez, Alberto; Bustamante, Enriquena; Charboneau, Joseph L. M.; Eguiarte, Luis E.; Kumar, Sudhir; Lee, Hyun Oh; Lee, Junki; McMahon, Michelle; Steele, Kelly; Wing, Rod; Yang, Tae-Jin; Zwickl, Derrick; Wojciechowski, Martin F.",AMERICAN JOURNAL OF BOTANY,2015,y,title,not allocation,,,
250,Balancing anti-herbivore benefits and anti-pollinator costs of defensive mutualists,"Ohm, Johanna R.; Miller, Tom E. X.",ECOLOGY,2014,y,title,not allocation,,,
251,Life-history traits predict perennial species response to fire in a desert ecosystem,"Shryock, Daniel F.; DeFalco, Lesley A.; Esque, Todd C.",ECOLOGY AND EVOLUTION,2014,y,full text,not fruit,,,
252,"Seed mass, germination and seedling traits for some central Argentinian cacti","Sosa Pivatto, Maria; Funes, Guillermo; Ferreras, Ana E.; Gurvich, Diego E.",SEED SCIENCE RESEARCH,2014,y,full text,does not compare across seed or fruit metrics,,,
253,Effect of light on seed germination and seedling shape of succulent species from Mexico,"Flores, Joel; Gonzalez-Salvatierra, Claudia; Jurado, Enrique",JOURNAL OF PLANT ECOLOGY,2016,y,full text,does not compare across seed or fruit metrics,,,
254,Are seed mass and seedling size and shape related to altitude? Evidence in Gymnocalycium monvillei (Cactaceae),"Bauk, Karen; Perez-Sanchez, Reyes; Zeballos, Sebastian R.; Penas, M. Laura Las; Flores, Joel; Gurvich, Diego E.",BOTANY,2015,y,abstract,not free,could not download,,
255,Very fast germination: additional records and relationship to embryo size and phylogeny,"Parsons, Robert F.; Vandelook, Filip; Janssens, Steven B.",SEED SCIENCE RESEARCH,2014,y,title,not fruit,,,
256,"Assessing the importance of multiple threats to an endangered globose cactus in Mexico: Cattle grazing, looting and climate change","Martorell, Carlos; Montanana, Delfin M.; Ureta, Carolina; Mandujano, Maria C.",BIOLOGICAL CONSERVATION,2015,y,title,not allocation,,,
257,"Morphological variation, management and domestication of 'maguey alto' (Agave inaequidens) and 'maguey manso' (A-hookeri) in Michoacan, Mexico","Julia Figueredo, Carmen; Casas, Alejandro; Colunga-GarciaMarin, Patricia; Nassar, Jafet M.; Gonzalez-Rodriguez, Antonio",JOURNAL OF ETHNOBIOLOGY AND ETHNOMEDICINE,2014,y,title,not cacti,,,
258,Conserving seeds of useful wild plants in Mexico: main issues and recommendations,"Rodriguez-Arevalo, Isela; Mattana, Efisio; Garcia, Lilia; Liu, Udayangani; Lira, Rafael; Davila, Patricia; Hudson, Alex; Pritchard, Hugh W.; Ulian, Tiziana",GENETIC RESOURCES AND CROP EVOLUTION,2017,y,title,not allocation,,,
259,Seed characteristics in Cactaceae: Useful diagnostic features for screening species for invasiveness?,"Novoa, A.; Rodriguez, J.; Lopez-Nogueira, A.; Richardson, D. M.; Gonzalez, L.",SOUTH AFRICAN JOURNAL OF BOTANY,2016,y,title,not allocation,,,
260,"Population dynamics of Mammillaria humboldtii, an endemic cactus from Hidalgo state, Mexico","Martinez-Ramos, Marisol; Arroyo-Cosultchi, Gabriel; Maria Mandujano, C.; Golubov, Jordan",BOTANICAL SCIENCES,2016,y,title,not fruit,,,
261,The population dynamics of an endemic collectible cactus,"Mandujano, Maria C.; Bravo, Yolotzin; Verhulst, Johannes; Carrillo-Angeles, Israel; Golubov, Jordan",ACTA OECOLOGICA-INTERNATIONAL JOURNAL OF ECOLOGY,2015,y,title,not fruit,,,
262,2C DNA Value of Persian Poppy (Papaver bracteatum Lindl.) Medicinal Plant As Revealed By Flow Cytometry Analysis; A Quick Effective Criteria for Distinguishing Unidentified Papaver Species,"Esfahani, Saeed Tarkesh; Karimzadeh, Ghasem; Naghavi, Mohammad Reza",INTERNATIONAL JOURNAL OF ADVANCED BIOTECHNOLOGY AND RESEARCH,2016,y,title,not cacti,,,
263,Pulse seedling recruitment on the population dynamics of a columnar cactus: Effect of an extreme rainfall event,"Arroyo-Cosultchi, Gabriel; Golubov, Jordan; Mandujano, Maria C.",ACTA OECOLOGICA-INTERNATIONAL JOURNAL OF ECOLOGY,2016,y,title,not allocation,,,
264,Infiltration of a facultative ant-plant mutualism by the introduced Argentine ant: effects on mutualist diversity and mutualism benefits,"Ludka, John; Levan, Katherine E.; Holway, David A.",ECOLOGICAL ENTOMOLOGY,2015,y,title,not cacti,,,
265,Effects of seed colour heterogeneity on germination behaviour of the desert plant Lotononis platycarpa (Fabaceae),"Gairola, Sanjay; Shabana, Hatem A.; Mahmoud, Tamer; Santo, Andrea",NORDIC JOURNAL OF BOTANY,2018,y,title,not cacti,,,
266,In situ or ex situ seed conservation: which is the more effective way to maintain seed longevity of an endangered cactus?,"Bispo Nascimento, Joana Paula; Meiado, Marcos Vinicius",PLANT SPECIES BIOLOGY,2017,y,title,not allocation,,,
267,Biogeography and ecology of the genus Turbinicarpus (Cactaceae): environmental controls of taxa richness and morphology,"Donati, Davide; Bianchi, Claudia; Pezzi, Giovanna; Conte, Lucia; Hofer, Anton; Chiarucci, Alessandro",SYSTEMATICS AND BIODIVERSITY,2017,y,abstract,not allocation,,,
268,Seed dormancy in Stachytarpheta species (Verbenaceae) from high-altitude sites in south-eastern Brazil,"Barreto, Leilane C.; Santos, Fernando M. G.; Garcia, Queila S.",FLORA,2016,y,title,not allocation,,,
269,"Nuclear genome size, ploidy level and endopolyploidy pattern in six species of Opuntia (Cactaceae)","Palomino, G.; Martinez, J.; Mendez, I.; Munoz-Urias, A.; Cepeda-Cornejo, V.; Pimienta-Barrios, E.",CARYOLOGIA,2016,y,title,not fruit,,,
270,EFFECT OF SCARIFICATION AND TEMPERATURE ON SEED GERMINATION OF TWO MEXICAN SPECIES OF MIMOSA (LEGUMINOSAE-MIMOSOIDEAE),"Adriana Montano-Arias, Susana; Lucia Camargo-Ricalde, Sara; Grether, Rosaura; Diaz-Pontones, David",BOTANICAL SCIENCES,2015,y,title,not allocation,,,
271,Zeaxanthin nanoencapsulation with Opuntia monacantha mucilage as structuring material: Characterization and stability evaluation under different temperatures,"de Campo, Camila; Dick, Melina; dos Santos, Priscilla Pereira; Haas Costa, Tania Maria; Paese, Karina; Guterres, Silvia Staniscuaski; Rios, Alessandro de Oliveira; Flores, Simone Hickmann",COLLOIDS AND SURFACES A-PHYSICOCHEMICAL AND ENGINEERING ASPECTS,2018,y,title,not fruit,,,
272,Stimulation of the germination and growth of different plant species using an electric field treatment with IrO2-Ta2O5 vertical bar Ti electrodes,"Acosta-Santoyo, Gustavo; Alheli Herrada, Rosa; De Folter, Stefan; Bustos, Erika",JOURNAL OF CHEMICAL TECHNOLOGY AND BIOTECHNOLOGY,2018,y,title,not allocation,,,
273,EXPLORATION OF VARIOUS INDONESIAN INDIGENOUS PLANTS AS NATURAL COAGULANTS FOR SYNTHETIC TURBID WATER,"Kristianto, Hans; Paulina, Sylvia; Soetedjo, Jenny Novianti Muliarahayu",INTERNATIONAL JOURNAL OF TECHNOLOGY,2018,y,title,not fruit,,,
274,Studies on convective drying of 'Ameclyae' Opuntia ficus-indica seeds and its effect on the quality of extracted oil based on its alpha-tocopherol content,"Hassini, Lamine; Bettaieb, Emna; Motri, Samia; Desmorieux, Helene",HEAT AND MASS TRANSFER,2018,y,title,not allocation,,,
275,Hydrochory in seeds of Agave victoriae-reginae T. Moore endangered species: Morphology and anatomy as facilitators of hydro-dispersion and germination,"Sanchez-Salas, Jaime; Flores, Joel; Jurado, Enrique; Saenz-Mata, Jorge; Orozco-Figueroa, Pedro; Muro Perez, Gisela",GAYANA BOTANICA,2017,y,title,not fruit,,,
276,"Heteromorphism in seeds of Leptocereus scopulophilus (Cactaceae) from Pan de Matanzas, Cuba","Angel Garcia-Beltran, Jose; Barrios, Duniel; Cuza-Perez, Alina",SEED SCIENCE RESEARCH,2017,y,abstract,not allocation,,,
277,"Effect of salinity on seed germination, growth and metabolic activity of pitaya seedlings [Stenocereus thurberi (Engelm.) Buxb.]","Orozco, Antonio; Gardea, Alfonso A.; Rascon-Chu, Agustin; Sanchez, Alfonso",JOURNAL OF THE PROFESSIONAL ASSOCIATION FOR CACTUS DEVELOPMENT,2017,y,title,not allocation,,,
278,POLLEN LIMITATION IN A RARE CACTUS WITH SYNCHRONOUS MASS FLOWERING,"Martinez-Peralta, C.; Mandujano, M. C.",HASELTONIA,2016,y,title,not fruit,,,
279,ALLOMETRIC RELATIONSHIPS BETTER EXPLAIN SEED COAT MICROSCULPTURE TRAITS IN MENTZELIA SECTION BARTONIA (LOASACEAE) THAN ECOLOGY OR DISPERSAL,"Schenk, John J.; Sullivan, Melissa T.; Washburn, George A.; Franta, Roxanne C.; Chambers, Malinda L.",INTERNATIONAL JOURNAL OF PLANT SCIENCES,2016,y,title,not cacti,,,
280,"Gymnocalycium campestre (Cactaceae, Trichocereeae), a New Species from Cordoba, Argentina","Repka, Radomir; Koutecky, Petr; Vahalik, Petr",NOVON,2015,y,title,not allocation,,,
281,Application of Opuntia ficus-indica in bioremediation of wastewaters. A critical review,"Nharingo, Tichaona; Moyo, Mambo",JOURNAL OF ENVIRONMENTAL MANAGEMENT,2016,y,title,review,,,
282,Diversity and genetic structure of the husk tomato (Physalis philadelphica Lam.) in Western Mexico,"Zamora-Tavares, Pilar; Vargas-Ponce, Ofelia; Sanchez-Martinez, Jose; Cabrera-Toledo, Danae",GENETIC RESOURCES AND CROP EVOLUTION,2015,y,title,not cacti,,,
283,"Agroforestry systems in the highlands of the Tehuacan Valley, Mexico: indigenous cultures and biodiversity conservation","Vallejo, Mariana; Casas, Alejandro; Blancas, Jose; Moreno-Calles, Ana I.; Solis, Leonor; Rangel-Landa, Selene; Davila, Patricia; Tellez, Oswaldo",AGROFORESTRY SYSTEMS,2014,y,title,not allocation,,,
284,Protein enrichment of an Opuntia ficus-indica cladode hydrolysate by cultivation of Candida utilis and Kluyveromyces marxianus,"Akanni, Gabriel B.; du Preez, James C.; Steyn, Laurinda; Kilian, Stephanus G.",JOURNAL OF THE SCIENCE OF FOOD AND AGRICULTURE,2015,y,title,not allocation,,,
285,"Pre-plant soil fumigation with reduced rates under low permeability films for nursery production, orchard and vineyard replanting","Cabrera, J. Alfonso; Hanson, Bradley D.; Gerik, James S.; Gao, Suduan; Qin, Ruijun; Wang, Dong",CROP PROTECTION,2015,y,title,not cacti,,,
286,EFFECT OF COMBINATIONS OF NITROGEN AND POTASSIUM ON THE GROWTH OF DRAGON FRUIT (Hylocereus undatus),"Bernardo Almeida, Edmilson Igor; de Medeiros Correa, Marcio Cleber; Crisostomo, Lindbergue Araujo; de Araujo, Neimar Arcanjo; do Vale Silva, Julio Cesar",REVISTA BRASILEIRA DE FRUTICULTURA,2014,y,full text,not english,,,
287,Bioactive compounds and antioxidant activity evolution during the ripening process of 12 Opuntia spp. fruit accessions,"Manuel Pinedo-Espinoza, Jose; Leobardo Aguirre-Mancilla, Cesar; Jimenez-Alvarado, Ruben; Carlos Raya-Perez, Juan; Iturriaga, Gabriel; Gabriel Ramirez-Pimentel, Juan; Delia Hernandez-Fuentes, Alma",EMIRATES JOURNAL OF FOOD AND AGRICULTURE,2017,y,title,not allocation,,,
288,Feather isotope analysis reveals differential patterns of habitat and resource use in populations of white-winged doves,"Carleton, Scott A.; Del Rio, Carlos Martinez; Robinson, Timothy J.",JOURNAL OF WILDLIFE MANAGEMENT,2015,y,title,not cacti,,,
289,"The structural characteristics, economic performance and prospects for the Italian cactus pear industry","Timpanaro, Giuseppe; Foti, Vera Teresa",JOURNAL OF THE PROFESSIONAL ASSOCIATION FOR CACTUS DEVELOPMENT,2014,y,title,not cacti,,,
290,Life cycle assessment of oil palm empty fruit bunch delignification using natural malic acid-based low-transition-temperature mixtures: a gate-to-gate case study,"Yiin, Chung Loong; Yusup, Suzana; Quitain, Armando T.; Uemura, Yoshimitsu; Sasaki, Mitsuru; Kida, Tetsuya",CLEAN TECHNOLOGIES AND ENVIRONMENTAL POLICY,2018,y,title,not allocation,,,
291,BIOCONVERSION OF VEGETABLE WASTE TO BIOGAS FROM RUMINAL MICROORGANISMS,"German Campos-Montiel, Rafael; Enrique Del Razo-Rodriguez, Oscar; Almaraz-Buendia, Isaac; Ramirez-Bribiesca, Efren; Soriano-Robles, Ramon; Armando Salinas-Martinez, Jesus; Arias-Margarito, Ladislao; Segundo Gonzalez-Munoz, Sergio",REVISTA INTERNACIONAL DE CONTAMINACION AMBIENTAL,2018,y,title,not cacti,,,
292,Growth and gas exchange in white pitaya under different concentrations of potassium and calcium,"Cajazeira, Joao Paulo; de Medeiros Correa, Marcio Cleber; Bernardo Almeida, Edmilson Igor; Queiroz, Ronialison Fernandes; Mesquita, Rosilene Oliveira",REVISTA CIENCIA AGRONOMICA,2018,y,full text,not fruit,,,
293,"Cactus Pear in Jordan - Current Status, Potential and Opportunities","Nasr, Y.",VIII INTERNATIONAL CONGRESS ON CACTUS PEAR AND COCHINEAL,2015,y,title,not allocation,,,
294,R&D of Pitahayas - Dragonfruit - Vine Cacti: Limitations and Challenges and the Current Global Market,"Tel-Zur, N.",VIII INTERNATIONAL CONGRESS ON CACTUS PEAR AND COCHINEAL,2015,y,title,not allocation,,,
295,"Costs, Revenues and Incomes of Sicilian Farms that Cultivate Cactus Pear","Tudisca, S.; Di Trapani, A. M.; Sgroi, F.; Testa, R.",VIII INTERNATIONAL CONGRESS ON CACTUS PEAR AND COCHINEAL,2015,y,title,not allocation,,,
